rank,name,family,power,expected_multiplicity,centre_exact,centre_float,nearest_target_separation_exact,nearest_target_separation_float,radius_fraction_exact,radius_exact,radius_float,distance_to_zero_exact,zero_outside_enclosed_region,count_method,moat_method,planned_certificate_route,count_reference_matrix,laurent_sample_count
1,alpha^1,alpha,1,1,13/20,0.65,91/400,0.2275,1/5,91/2000,0.0455,1209/2000,True,certified Schur-diagonal algebraic count,uniform complete-circle triangular Schur resolvent,Schur-count/Schur-moat,exact-binary upper-triangular Schur matrix T,
2,alpha^2,alpha,2,1,169/400,0.4225,49/400,0.1225,1/5,49/2000,0.0245,199/500,True,certified Schur-diagonal algebraic count,uniform complete-circle triangular Schur resolvent,Schur-count/Schur-moat,exact-binary upper-triangular Schur matrix T,
3,mu^1,mu,1,2,3/10,0.3,203/8000,0.025375,1/5,203/40000,0.005075,11797/40000,True,certified Schur-diagonal algebraic count,uniform complete-circle triangular Schur resolvent,Schur-count/Schur-moat,exact-binary upper-triangular Schur matrix T,
4,alpha^3,alpha,3,1,2197/8000,0.274625,203/8000,0.025375,1/5,203/40000,0.005075,5391/20000,True,certified Schur-diagonal algebraic count,uniform complete-circle triangular Schur resolvent,Schur-count/Schur-moat,exact-binary upper-triangular Schur matrix T,
5,alpha^4,alpha,4,1,28561/160000,0.17850625,199927/3200000,0.0624771875,1/5,199927/16000000,0.0124954375,2656173/16000000,True,certified Schur-diagonal algebraic count,uniform complete-circle triangular Schur resolvent,Schur-count/Schur-moat,exact-binary upper-triangular Schur matrix T,
6,alpha^5,alpha,5,1,371293/3200000,0.1160290625,83293/3200000,0.0260290625,1/5,83293/16000000,0.0052058125,443293/4000000,True,certified Schur-diagonal algebraic count,uniform complete-circle triangular Schur resolvent,Schur-count/Schur-moat,exact-binary upper-triangular Schur matrix T,
7,mu^2,mu,2,2,9/100,0.09,933191/64000000,0.014581109375,1/5,933191/320000000,0.002916221875,27866809/320000000,True,certified Schur-diagonal algebraic count,uniform complete-circle triangular Schur resolvent,Schur-count/Schur-moat,exact-binary upper-triangular Schur matrix T,
8,alpha^6,alpha,6,1,4826809/64000000,0.075418890625,933191/64000000,0.014581109375,1/5,933191/320000000,0.002916221875,11600427/160000000,True,certified Schur-diagonal algebraic count,uniform complete-circle triangular Schur resolvent,Schur-count/Schur-moat,exact-binary upper-triangular Schur matrix T,
9,alpha^7,alpha,7,1,62748517/1280000000,0.04902227890625,439239619/25600000000,0.0171577976171875,1/5,439239619/128000000000,0.0034315595234375,5835612081/128000000000,True,certified Schur-diagonal algebraic count,uniform complete-circle triangular Schur resolvent,Schur-count/Schur-moat,exact-binary upper-triangular Schur matrix T,
10,alpha^8,alpha,8,1,815730721/25600000000,0.0318644812890625,124530721/25600000000,0.0048644812890625,1/5,124530721/128000000000,0.0009728962578125,988530721/32000000000,True,certified Schur-diagonal algebraic count,uniform complete-circle triangular Schur resolvent,Schur-count/Schur-moat,exact-binary upper-triangular Schur matrix T,
11,mu^3,mu,3,2,27/1000,0.027,124530721/25600000000,0.0048644812890625,1/5,124530721/128000000000,0.0009728962578125,3331469279/128000000000,True,certified Schur-diagonal algebraic count,uniform complete-circle triangular Schur resolvent,Schur-count/Schur-moat,exact-binary upper-triangular Schur matrix T,
12,alpha^9,alpha,9,1,10604499373/512000000000,0.020711912837890624,3219500627/512000000000,0.006288087162109375,1/5,3219500627/2560000000000,0.001257617432421875,24901498119/1280000000000,True,certified Schur-diagonal algebraic count,uniform complete-circle triangular Schur resolvent,Schur-count/Schur-moat,exact-binary upper-triangular Schur matrix T,
13,alpha^10,alpha,10,1,137858491849/10240000000000,0.013462743344628906,965009442943/204800000000000,0.004711960170620117,1/5,965009442943/1024000000000000,0.0009423920341240234,12820839741957/1024000000000000,True,certified Schur-diagonal algebraic count,uniform complete-circle triangular Schur resolvent,Schur-count/Schur-moat,exact-binary upper-triangular Schur matrix T,
14,alpha^11,alpha,11,1,1792160394037/204800000000000,0.00875078317400879,133280394037/204800000000000,0.0006507831740087891,1/5,133280394037/1024000000000000,0.00013015663480175782,2206880394037/256000000000000,True,certified Schur-diagonal algebraic count,uniform complete-circle triangular Schur resolvent,Schur-count/Schur-moat,exact-binary upper-triangular Schur matrix T,
15,mu^4,mu,4,2,81/10000,0.0081,133280394037/204800000000000,0.0006507831740087891,1/5,133280394037/1024000000000000,0.00013015663480175782,8161119605963/1024000000000000,True,certified Schur-diagonal algebraic count,uniform complete-circle triangular Schur resolvent,Schur-count/Schur-moat,exact-binary upper-triangular Schur matrix T,
16,alpha^12,alpha,12,1,23298085122481/4096000000000000,0.005688009063105713,163086595857367/81920000000000000,0.0019908031720869994,1/5,163086595857367/409600000000000000,0.0003981606344173999,2166721916390733/409600000000000000,True,certified Schur-diagonal algebraic count,uniform complete-circle triangular Schur resolvent,Schur-count/Schur-moat,exact-binary upper-triangular Schur matrix T,
17,alpha^13,alpha,13,1,302875106592253/81920000000000000,0.0036972058910187135,103809506592253/81920000000000000,0.0012672058910187134,1/5,103809506592253/409600000000000000,0.0002534411782037427,352641506592253/102400000000000000,True,certified Schur-diagonal algebraic count,uniform complete-circle triangular Schur resolvent,Schur-count/Schur-moat,exact-binary upper-triangular Schur matrix T,
18,mu^5,mu,5,2,243/100000,0.00243,43935614300711/1638400000000000000,2.6816170837836304e-05,1/4,43935614300711/6553600000000000000,6.704042709459076e-06,15881312385699289/6553600000000000000,True,certified Schur-diagonal algebraic count,complete-circle Laurent approximate inverse in Schur coordinates,Schur-count/Laurent-moat,exact-binary upper-triangular Schur matrix T,44
19,alpha^14,alpha,14,1,3937376385699289/1638400000000000000,0.0024031838291621636,43935614300711/1638400000000000000,2.6816170837836304e-05,9/50,395420528706399/81920000000000000000,4.826910750810535e-06,196473398756258051/81920000000000000000,True,certified Schur-diagonal algebraic count,complete-circle Laurent approximate inverse in Schur coordinates,Schur-count/Laurent-moat,exact-binary upper-triangular Schur matrix T,36
20,alpha^15,alpha,15,1,51185893014090757/32768000000000000000,0.0015620694889554065,358301251098635299/655360000000000000000,0.0005467243211343923,1/5,358301251098635299/3276800000000000000000,0.00010934486422687844,4760288050310440401/3276800000000000000000,True,certified Schur-diagonal algebraic count,complete-circle Laurent approximate inverse in Schur coordinates,Schur-count/Laurent-moat,exact-binary upper-triangular Schur matrix T,48
21,alpha^16,alpha,16,1,665416609183179841/655360000000000000000,0.0010153451678210142,187659169183179841/655360000000000000000,0.00028634516782101416,1/5,187659169183179841/3276800000000000000000,5.726903356420283e-05,784855969183179841/819200000000000000000,True,certified Schur-diagonal algebraic count,complete-circle Laurent approximate inverse in Schur coordinates,Schur-count/Laurent-moat,exact-binary upper-triangular Schur matrix T,48
22,mu^6,mu,6,2,729/1000000,0.000729,904732880618662067/13107200000000000000000,6.902564091634079e-05,1/4,904732880618662067/52428800000000000000000,1.7256410229085197e-05,37315862319381337933/52428800000000000000000,True,certified Schur-diagonal algebraic count,complete-circle Laurent approximate inverse in Schur coordinates,Schur-count/Laurent-moat,exact-binary upper-triangular Schur matrix T,36
23,alpha^17,alpha,17,1,8650415919381337933/13107200000000000000000,0.0006599743590836592,904732880618662067/13107200000000000000000,6.902564091634079e-05,1/4,904732880618662067/52428800000000000000000,1.7256410229085197e-05,6739386159381337933/10485760000000000000000,True,certified Schur-diagonal algebraic count,complete-circle Laurent approximate inverse in Schur coordinates,Schur-count/Laurent-moat,exact-binary upper-triangular Schur matrix T,40
24,alpha^18,alpha,18,1,112455406951957393129/262144000000000000000000,0.0004289833334043785,60552911435669365531/262144000000000000000000,0.00023099102567928072,1/5,60552911435669365531/1310720000000000000000000,4.6198205135856144e-05,250862061662058800057/655360000000000000000000,True,certified Schur-diagonal algebraic count,complete-circle Laurent approximate inverse in Schur coordinates,Schur-count/Laurent-moat,exact-binary upper-triangular Schur matrix T,48
