theta,local_phi_sum
0.0,1.0
0.006135923151542565,1.0000033616567021
0.01227184630308513,1.0000134440765387
0.018407769454627694,1.0000302396039293
0.02454369260617026,1.0000537354636883
0.030679615757712823,1.0000839137372544
0.03681553890925539,1.0001207513295272
0.04295146206079795,1.0001642199264265
0.04908738521234052,1.0002142859433238
0.05522330836388308,1.0002709104645309
0.06135923151542565,1.0003340491740633
0.06749515466696822,1.0004036522779414
0.07363107781851078,1.0004796644183152
0.07976700097005335,1.0005620245797537
0.0859029241215959,1.000650665988068
0.09203884727313848,1.0007455160020886
0.09817477042468103,1.000846495998851
0.1043106935762236,1.0009535212527005
0.11044661672776616,1.0010665008088646
0.11658253987930874,1.0011853373520943
0.1227184630308513,1.001309927071027
0.12885438618239387,1.0014401595189752
0.13499030933393644,1.0015759174718997
0.14112623248547898,1.001717076784379
0.14726215563702155,1.0018635062444554
0.15339807878856412,1.0020150674282788
0.1595340019401067,1.0021716145555533
0.16566992509164924,1.0023329943468304
0.1718058482431918,1.0024990458837773
0.17794177139473438,1.002669600473593
0.18407769454627695,1.0028444815188293
0.19021361769781953,1.0030235043939146
0.19634954084936207,1.003206476329769
0.20248546400090464,1.0033931963079372
0.2086213871524472,1.0035834549657472
0.21475731030398978,1.0037770345140469
0.22089323345553233,1.0039737086691414
0.2270291566070749,1.0041732426005956
0.23316507975861747,1.0043753928966237
0.23930100291016004,1.00457990754883
0.2454369260617026,1.0047865259580984
0.2515728492132452,1.0049949789634718
0.25770877236478773,1.0052049888958698
0.2638446955163303,1.0054162696585232
0.2699806186678729,1.005628526835998
0.2761165418194154,1.0058414578336814
0.28225246497095796,1.0060547520495804
0.28838838812250056,1.0062680910802495
0.2945243112740431,1.0064811489626266
0.3006602344255857,1.0066935924534803
0.30679615757712825,1.0069050813481055
0.3129320807286708,1.0071152688397993
0.3190680038802134,1.0073238019215387
0.32520392703175593,1.007530321831144
0.3313398501832985,1.0077344645410595
0.3374757733348411,1.0079358612937062
0.3436116964863836,1.0081341391831669
0.3497476196379262,1.0083289217837441
0.35588354278946877,1.0085198298256979
0.3620194659410113,1.0087064819182032
0.3681553890925539,1.008888495319302
0.37429131224409645,1.0090654867523092
0.38042723539563905,1.0092370732678333
0.3865631585471816,1.0094028731502294
0.39269908169872414,1.0095625068669616
0.39883500485026674,1.0097155980589905
0.4049709280018093,1.0098617745699392
0.4111068511533518,1.0100006695114117
0.4172427743048944,1.0101319223614633
0.42337869745643697,1.0102551800928505
0.42951462060797957,1.0103700983273087
0.4356505437595221,1.0104763425117502
0.44178646691106466,1.010573589111922
0.44792239006260726,1.0106615268187318
0.4540583132141498,1.0107398577621425
0.46019423636569234,1.0108082987272504
0.46633015951723494,1.010866582366916
0.4724660826687775,1.0109144584050944
0.4786020058203201,1.0109516948248507
0.48473792897186263,1.0109780790349037
0.4908738521234052,1.0109934190084668
0.4970097752749478,1.0109975443881298
0.5031456984264904,1.01099030755054
0.5092816215780329,1.0109715846247314
0.5154175447295755,1.0109412764580874
0.521553467881118,1.010899309524118
0.5276893910326605,1.0108456367664933
0.5338253141842031,1.010780238374082
0.5399612373357457,1.010703122482126
0.5460971604872883,1.010614325795089
0.5522330836388308,1.010513914127207
0.5583690067903734,1.0104019828572748
0.5645049299419159,1.0102786572947744
0.5706408530934586,1.010144092955038
0.5767767762450011,1.0099984757417733
0.5829126993965437,1.0098420220359206
0.5890486225480862,1.0096749786904817
0.5951845456996288,1.0094976229316301
0.6013204688511714,1.0093102621670915
0.607456392002714,1.009113233703449
0.6135923151542565,1.0089069043746828
0.619728238305799,1.0086916700848936
0.6258641614573416,1.0084679552687554
0.6320000846088842,1.0082362122738298
0.6381360077604268,1.0079969206693908
0.6442719309119693,1.0077505864869114
0.6504078540635119,1.0074977413977875
0.6565437772150544,1.0072389418342698
0.662679700366597,1.0069747680598917
0.6688156235181396,1.0067058231959554
0.6749515466696822,1.0064327322108486
0.6810874698212247,1.0061561408791049
0.6872233929727672,1.005876714717218
0.6933593161243098,1.0055951379032446
0.6994952392758524,1.0053121121872062
0.705631162427395,1.0050283557992168
0.7117670855789375,1.0047446023621374
0.7179030087304801,1.004461599815373
0.7240389318820226,1.0041801093562133
0.7301748550335653,1.003900904404855
0.7363107781851078,1.0036247695989546
0.7424467013366504,1.0033524998232388
0.7485826244881929,1.0030848992793582
0.7547185476397354,1.002822780600809
0.7608544707912781,1.002566964017373
0.7669903939428206,1.00231827657315
0.7731263170943632,1.0020775514018667
0.7792622402459057,1.0018456270627736
0.7853981633974483,1.001623346940055
0.7915340865489908,1.0014115587083248
0.7976700097005335,1.0012111138664168
0.803805932852076,1.0010228673413526
0.8099418560036186,1.0008476771640498
0.8160777791551611,1.0006864042180446
0.8222137023067037,1.0005399120622296
0.8283496254582463,1.0004090668283716
0.8344855486097889,1.0002947371939523
0.8406214717613314,1.0001977944306952
0.8467573949128739,1.0001191125289832
0.8528933180644165,1.0000595683982407
0.8590292412159591,1.000020042143266
0.8651651643675017,1.0000014174164258
0.8713010875190442,1.0000045818455916
0.8774370106705868,1.0000304275376946
0.8835729338221293,1.0000798516577933
0.8897088569736719,1.0001537570836099
0.8958447801252145,1.000253053135566
0.9019807032767571,1.0003786563824706
0.9081166264282996,1.000531491523138
0.9142525495798421,1.000712492344398
0.9203884727313847,1.0009226027561415
0.9265243958829273,1.0011627779042787
0.9326603190344699,1.0014339853627332
0.9387962421860124,1.0017372064058716
0.944932165337555,1.002073437363086
0.9510680884890975,1.0024436910575683
0.9572040116406402,1.0028489983316977
0.9633399347921827,1.0032904096618476
0.9694758579437253,1.003768996865857
0.9756117810952678,1.0042858549068703
0.9817477042468103,1.0048421037977597
0.987883627398353,1.0054388906108742
0.9940195505498955,1.0060773915984547
1.000155473701438,1.0067588144296769
1.0062913968529807,1.0074844005509687
1.0124273200045233,1.0082554276769813
1.0185632431560658,1.0090732124203932
1.0246991663076084,1.0099391130695856
1.030835089459151,1.0108545325241693
1.0369710126106935,1.0118209213993576
1.043106935762236,1.0128397813112953
1.0492428589137786,1.0139126683566593
1.055378782065321,1.0150411968011779
1.0615147052168636,1.0162270429931601
1.0676506283684062,1.017471949519723
1.073786551519949,1.0187777296251508
1.0799224746714915,1.0201462719127483
1.086058397823034,1.0215795453536767
1.0921943209745766,1.0230796046286033
1.0983302441261191,1.0246485958306042
1.1044661672776617,1.0262887625606312
1.1106020904292042,1.0280024524500635
1.1167380135807468,1.0297921241484214
1.1228739367322893,1.0316603548182894
1.1290098598838318,1.0336098481839298
1.1351457830353746,1.035643443185015
1.1412817061869172,1.0377641232924717
1.1474176293384597,1.0399750265496381
1.1535535524900022,1.0422794564089544
1.1596894756415448,1.0446808934422782
1.1658253987930873,1.0471830080118107
1.1719613219446299,1.0497896739986674
1.1780972450961724,1.052504983697505
1.184233168247715,1.0553332639985167
1.1903690913992575,1.058279093992776
1.1965050145508,1.0613473241536078
1.2026409377023428,1.064543097265721
1.2087768608538854,1.067871871295634
1.214912784005428,1.0713394444218844
1.2210487071569704,1.074951982472201
1.227184630308513,1.0787160490478296
1.2333205534600555,1.0826386386532867
1.239456476611598,1.0867272131938812
1.2455923997631406,1.0909897422544284
1.2517283229146832,1.095434747631975
1.2578642460662257,1.1000713526645935
1.2640001692177685,1.1049093369792375
1.270136092369311,1.1099591973765452
1.2762720155208536,1.1152322156820558
1.282407938672396,1.1207405345249237
1.2885438618239387,1.126497242160977
1.2946797849754812,1.1325164676419115
1.3008157081270237,1.138813487852801
1.3069516312785663,1.1454048482036605
1.3130875544301088,1.152308499077215
1.3192234775816514,1.159543950516385
1.325359400733194,1.1671324480965746
1.3314953238847367,1.1750971734888966
1.3376312470362792,1.1834634739055996
1.3437671701878218,1.1922591254595234
1.3499030933393643,1.2015146365059064
1.3560390164909069,1.2112635983196114
1.3621749396424494,1.221543092062127
1.368310862793992,1.2323941630000939
1.3744467859455345,1.2438623754690252
1.380582709097077,1.2559984652900207
1.3867186322486196,1.2688591104553069
1.3928545554001623,1.2825078461869532
1.3989904785517049,1.2970161573335204
1.4051264017032474,1.312464790041377
1.41126232485479,1.3289453364725223
1.4173982480063325,1.3465621620968258
1.423534171157875,1.3654347662695323
1.4296700943094176,1.3857006955844744
1.4358060174609601,1.4075191690368067
1.4419419406125027,1.4310756290234758
1.4480778637640452,1.456587509696128
1.4542137869155878,1.4843116249072457
1.4603497100671305,1.5145537386466443
1.466485633218673,1.5476811178605234
1.4726215563702156,1.5841392235158955
1.4787574795217582,1.6244742410830182
1.4848934026733007,1.6693640051764436
1.4910293258248433,1.7196612411715184
1.4971652489763858,1.7764552971023368
1.5033011721279284,1.8411623485369908
1.509437095279471,1.9156607123493354
1.5155730184310134,2.002499927098831
1.5217089415825562,2.105234777324622
1.5278448647340988,2.22897917036239
1.5339807878856413,2.3813622625103954
1.5401167110371838,2.574244915563352
1.5462526341887264,2.8268727101272053
1.552388557340269,3.171333749116244
1.5585244804918115,3.657073445399425
1.564660403643354,4.302531986392137
1.5707963267948966,4.7255168399801315
1.576932249946439,4.302531986392137
1.5830681730979816,3.657073445399425
1.5892040962495244,3.171333749116244
1.595340019401067,2.8268727101272053
1.6014759425526095,2.574244915563352
1.607611865704152,2.3813622625103954
1.6137477888556946,2.22897917036239
1.6198837120072371,2.105234777324622
1.6260196351587797,2.002499927098831
1.6321555583103222,1.9156607123493354
1.6382914814618648,1.8411623485369908
1.6444274046134073,1.7764552971023368
1.65056332776495,1.7196612411715184
1.6566992509164926,1.6693640051764436
1.6628351740680352,1.6244742410830182
1.6689710972195777,1.5841392235158955
1.6751070203711202,1.5476811178605234
1.6812429435226628,1.5145537386466443
1.6873788666742053,1.4843116249072457
1.6935147898257479,1.456587509696128
1.6996507129772904,1.4310756290234758
1.705786636128833,1.4075191690368067
1.7119225592803755,1.3857006955844744
1.7180584824319183,1.3654347662695323
1.7241944055834608,1.3465621620968258
1.7303303287350034,1.3289453364725223
1.736466251886546,1.312464790041377
1.7426021750380885,1.2970161573335204
1.748738098189631,1.2825078461869532
1.7548740213411735,1.2688591104553069
1.761009944492716,1.2559984652900207
1.7671458676442586,1.2438623754690252
1.7732817907958012,1.2323941630000939
1.7794177139473437,1.221543092062127
1.7855536370988865,1.2112635983196114
1.791689560250429,1.2015146365059064
1.7978254834019716,1.1922591254595234
1.8039614065535141,1.1834634739055996
1.8100973297050567,1.1750971734888966
1.8162332528565992,1.1671324480965746
1.8223691760081417,1.159543950516385
1.8285050991596843,1.152308499077215
1.8346410223112268,1.1454048482036605
1.8407769454627694,1.138813487852801
1.8469128686143121,1.1325164676419115
1.8530487917658547,1.126497242160977
1.8591847149173972,1.1207405345249237
1.8653206380689398,1.1152322156820558
1.8714565612204823,1.1099591973765452
1.8775924843720249,1.1049093369792375
1.8837284075235674,1.1000713526645935
1.88986433067511,1.095434747631975
1.8960002538266525,1.0909897422544284
1.902136176978195,1.0867272131938812
1.9082721001297376,1.0826386386532867
1.9144080232812803,1.0787160490478296
1.920543946432823,1.074951982472201
1.9266798695843654,1.0713394444218844
1.932815792735908,1.067871871295634
1.9389517158874505,1.064543097265721
1.945087639038993,1.0613473241536078
1.9512235621905356,1.058279093992776
1.9573594853420782,1.0553332639985167
1.9634954084936207,1.052504983697505
1.9696313316451632,1.0497896739986674
1.975767254796706,1.0471830080118107
1.9819031779482486,1.0446808934422782
1.988039101099791,1.0422794564089544
1.9941750242513336,1.0399750265496381
2.000310947402876,1.0377641232924717
2.0064468705544187,1.035643443185015
2.0125827937059615,1.0336098481839298
2.018718716857504,1.0316603548182894
2.0248546400090466,1.0297921241484214
2.030990563160589,1.0280024524500635
2.0371264863121317,1.0262887625606312
2.043262409463674,1.0246485958306042
2.0493983326152168,1.0230796046286033
2.055534255766759,1.0215795453536767
2.061670178918302,1.0201462719127483
2.067806102069844,1.0187777296251508
2.073942025221387,1.017471949519723
2.0800779483729297,1.0162270429931601
2.086213871524472,1.0150411968011779
2.092349794676015,1.0139126683566593
2.098485717827557,1.0128397813112953
2.1046216409791,1.0118209213993576
2.110757564130642,1.0108545325241693
2.116893487282185,1.0099391130695856
2.1230294104337273,1.0090732124203932
2.12916533358527,1.0082554276769813
2.1353012567368124,1.0074844005509687
2.141437179888355,1.0067588144296769
2.147573103039898,1.0060773915984547
2.1537090261914402,1.0054388906108742
2.159844949342983,1.0048421037977597
2.1659808724945253,1.0042858549068703
2.172116795646068,1.003768996865857
2.1782527187976104,1.0032904096618476
2.184388641949153,1.0028489983316977
2.1905245651006955,1.0024436910575683
2.1966604882522383,1.002073437363086
2.202796411403781,1.0017372064058716
2.2089323345553233,1.0014339853627332
2.215068257706866,1.0011627779042787
2.2212041808584084,1.0009226027561415
2.227340104009951,1.000712492344398
2.2334760271614935,1.000531491523138
2.2396119503130363,1.0003786563824706
2.2457478734645786,1.000253053135566
2.2518837966161214,1.0001537570836099
2.2580197197676637,1.0000798516577933
2.2641556429192065,1.0000304275376946
2.2702915660707492,1.0000045818455916
2.2764274892222915,1.0000014174164258
2.2825634123738343,1.000020042143266
2.2886993355253766,1.0000595683982407
2.2948352586769194,1.0001191125289832
2.3009711818284617,1.0001977944306952
2.3071071049800045,1.0002947371939523
2.313243028131547,1.0004090668283716
2.3193789512830896,1.0005399120622296
2.325514874434632,1.0006864042180446
2.3316507975861747,1.0008476771640498
2.3377867207377174,1.0010228673413526
2.3439226438892597,1.0012111138664168
2.3500585670408025,1.0014115587083248
2.356194490192345,1.001623346940055
2.3623304133438876,1.0018456270627736
2.36846633649543,1.0020775514018667
2.3746022596469727,1.00231827657315
2.380738182798515,1.002566964017373
2.386874105950058,1.002822780600809
2.3930100291016,1.0030848992793582
2.399145952253143,1.0033524998232388
2.4052818754046856,1.0036247695989546
2.411417798556228,1.003900904404855
2.4175537217077707,1.0041801093562133
2.423689644859313,1.004461599815373
2.429825568010856,1.0047446023621374
2.435961491162398,1.0050283557992168
2.442097414313941,1.0053121121872062
2.448233337465483,1.0055951379032446
2.454369260617026,1.005876714717218
2.4605051837685687,1.0061561408791049
2.466641106920111,1.0064327322108486
2.472777030071654,1.0067058231959554
2.478912953223196,1.0069747680598917
2.485048876374739,1.0072389418342698
2.4911847995262812,1.0074977413977875
2.497320722677824,1.0077505864869114
2.5034566458293663,1.0079969206693908
2.509592568980909,1.0082362122738298
2.5157284921324514,1.0084679552687554
2.521864415283994,1.0086916700848936
2.528000338435537,1.0089069043746828
2.5341362615870793,1.009113233703449
2.540272184738622,1.0093102621670915
2.5464081078901644,1.0094976229316301
2.552544031041707,1.0096749786904817
2.5586799541932495,1.0098420220359206
2.564815877344792,1.0099984757417733
2.5709518004963345,1.010144092955038
2.5770877236478773,1.0102786572947744
2.5832236467994196,1.0104019828572748
2.5893595699509624,1.010513914127207
2.595495493102505,1.010614325795089
2.6016314162540475,1.010703122482126
2.6077673394055902,1.010780238374082
2.6139032625571326,1.0108456367664933
2.6200391857086753,1.010899309524118
2.6261751088602177,1.0109412764580874
2.6323110320117604,1.0109715846247314
2.6384469551633027,1.01099030755054
2.6445828783148455,1.0109975443881298
2.650718801466388,1.0109934190084668
2.6568547246179306,1.0109780790349037
2.6629906477694734,1.0109516948248507
2.6691265709210157,1.0109144584050944
2.6752624940725585,1.010866582366916
2.6813984172241008,1.0108082987272504
2.6875343403756435,1.0107398577621425
2.693670263527186,1.0106615268187318
2.6998061866787286,1.010573589111922
2.705942109830271,1.0104763425117502
2.7120780329818137,1.0103700983273087
2.7182139561333565,1.0102551800928505
2.724349879284899,1.0101319223614633
2.7304858024364416,1.0100006695114117
2.736621725587984,1.0098617745699392
2.7427576487395267,1.0097155980589905
2.748893571891069,1.0095625068669616
2.7550294950426117,1.0094028731502294
2.761165418194154,1.0092370732678333
2.767301341345697,1.0090654867523092
2.773437264497239,1.008888495319302
2.779573187648782,1.0087064819182032
2.7857091108003247,1.0085198298256979
2.791845033951867,1.0083289217837441
2.7979809571034098,1.0081341391831669
2.804116880254952,1.0079358612937062
2.810252803406495,1.0077344645410595
2.816388726558037,1.007530321831144
2.82252464970958,1.0073238019215387
2.8286605728611223,1.0071152688397993
2.834796496012665,1.0069050813481055
2.8409324191642074,1.0066935924534803
2.84706834231575,1.0064811489626266
2.853204265467293,1.0062680910802495
2.859340188618835,1.0060547520495804
2.865476111770378,1.0058414578336814
2.8716120349219203,1.005628526835998
2.877747958073463,1.0054162696585232
2.8838838812250054,1.0052049888958698
2.890019804376548,1.0049949789634718
2.8961557275280905,1.0047865259580984
2.9022916506796332,1.00457990754883
2.9084275738311756,1.0043753928966237
2.9145634969827183,1.0041732426005956
2.920699420134261,1.0039737086691414
2.9268353432858034,1.0037770345140469
2.932971266437346,1.0035834549657472
2.9391071895888885,1.0033931963079372
2.9452431127404313,1.003206476329769
2.9513790358919736,1.0030235043939146
2.9575149590435164,1.0028444815188293
2.9636508821950587,1.002669600473593
2.9697868053466014,1.0024990458837773
2.9759227284981438,1.0023329943468304
2.9820586516496865,1.0021716145555533
2.9881945748012293,1.0020150674282788
2.9943304979527716,1.0018635062444554
3.0004664211043144,1.001717076784379
3.0066023442558567,1.0015759174718997
3.0127382674073995,1.0014401595189752
3.018874190558942,1.001309927071027
3.0250101137104846,1.0011853373520943
3.031146036862027,1.0010665008088646
3.0372819600135696,1.0009535212527005
3.0434178831651124,1.000846495998851
3.0495538063166547,1.0007455160020886
3.0556897294681975,1.000650665988068
3.06182565261974,1.0005620245797537
3.0679615757712826,1.0004796644183152
3.074097498922825,1.0004036522779414
3.0802334220743677,1.0003340491740633
3.08636934522591,1.0002709104645309
3.0925052683774528,1.0002142859433238
3.098641191528995,1.0001642199264265
3.104777114680538,1.0001207513295272
3.1109130378320806,1.0000839137372544
3.117048960983623,1.0000537354636883
3.1231848841351657,1.0000302396039293
3.129320807286708,1.0000134440765387
3.135456730438251,1.0000033616567021
3.141592653589793,1.0
3.147728576741336,1.0000033616567021
3.153864499892878,1.0000134440765387
3.160000423044421,1.0000302396039293
3.1661363461959633,1.0000537354636883
3.172272269347506,1.0000839137372544
3.178408192499049,1.0001207513295272
3.184544115650591,1.0001642199264265
3.190680038802134,1.0002142859433238
3.1968159619536762,1.0002709104645309
3.202951885105219,1.0003340491740633
3.2090878082567613,1.0004036522779414
3.215223731408304,1.0004796644183152
3.2213596545598464,1.0005620245797537
3.227495577711389,1.000650665988068
3.2336315008629315,1.0007455160020886
3.2397674240144743,1.000846495998851
3.245903347166017,1.0009535212527005
3.2520392703175593,1.0010665008088646
3.258175193469102,1.0011853373520943
3.2643111166206444,1.001309927071027
3.270447039772187,1.0014401595189752
3.2765829629237295,1.0015759174718997
3.2827188860752723,1.001717076784379
3.2888548092268146,1.0018635062444554
3.2949907323783574,1.0020150674282788
3.3011266555299,1.0021716145555533
3.3072625786814425,1.0023329943468304
3.3133985018329852,1.0024990458837773
3.3195344249845276,1.002669600473593
3.3256703481360703,1.0028444815188293
3.3318062712876126,1.0030235043939146
3.3379421944391554,1.003206476329769
3.3440781175906977,1.0033931963079372
3.3502140407422405,1.0035834549657472
3.356349963893783,1.0037770345140469
3.3624858870453256,1.0039737086691414
3.3686218101968683,1.0041732426005956
3.3747577333484107,1.0043753928966237
3.3808936564999534,1.00457990754883
3.3870295796514958,1.0047865259580984
3.3931655028030385,1.0049949789634718
3.399301425954581,1.0052049888958698
3.4054373491061236,1.0054162696585232
3.411573272257666,1.005628526835998
3.4177091954092087,1.0058414578336814
3.423845118560751,1.0060547520495804
3.429981041712294,1.0062680910802495
3.4361169648638366,1.0064811489626266
3.442252888015379,1.0066935924534803
3.4483888111669216,1.0069050813481055
3.454524734318464,1.0071152688397993
3.4606606574700067,1.0073238019215387
3.466796580621549,1.007530321831144
3.472932503773092,1.0077344645410595
3.479068426924634,1.0079358612937062
3.485204350076177,1.0081341391831669
3.4913402732277192,1.0083289217837441
3.497476196379262,1.0085198298256979
3.5036121195308048,1.0087064819182032
3.509748042682347,1.008888495319302
3.51588396583389,1.0090654867523092
3.522019888985432,1.0092370732678333
3.528155812136975,1.0094028731502294
3.5342917352885173,1.0095625068669616
3.54042765844006,1.0097155980589905
3.5465635815916023,1.0098617745699392
3.552699504743145,1.0100006695114117
3.5588354278946874,1.0101319223614633
3.56497135104623,1.0102551800928505
3.571107274197773,1.0103700983273087
3.5772431973493153,1.0104763425117502
3.583379120500858,1.010573589111922
3.5895150436524004,1.0106615268187318
3.595650966803943,1.0107398577621425
3.6017868899554855,1.0108082987272504
3.6079228131070282,1.010866582366916
3.6140587362585705,1.0109144584050944
3.6201946594101133,1.0109516948248507
3.626330582561656,1.0109780790349037
3.6324665057131984,1.0109934190084668
3.638602428864741,1.0109975443881298
3.6447383520162835,1.01099030755054
3.6508742751678263,1.0109715846247314
3.6570101983193686,1.0109412764580874
3.6631461214709113,1.010899309524118
3.6692820446224537,1.0108456367664933
3.6754179677739964,1.010780238374082
3.6815538909255388,1.010703122482126
3.6876898140770815,1.010614325795089
3.6938257372286243,1.010513914127207
3.6999616603801666,1.0104019828572748
3.7060975835317094,1.0102786572947744
3.7122335066832517,1.010144092955038
3.7183694298347945,1.0099984757417733
3.724505352986337,1.0098420220359206
3.7306412761378795,1.0096749786904817
3.736777199289422,1.0094976229316301
3.7429131224409646,1.0093102621670915
3.749049045592507,1.009113233703449
3.7551849687440497,1.0089069043746828
3.7613208918955925,1.0086916700848936
3.767456815047135,1.0084679552687554
3.7735927381986776,1.0082362122738298
3.77972866135022,1.0079969206693908
3.7858645845017627,1.0077505864869114
3.792000507653305,1.0074977413977875
3.7981364308048478,1.0072389418342698
3.80427235395639,1.0069747680598917
3.810408277107933,1.0067058231959554
3.816544200259475,1.0064327322108486
3.822680123411018,1.0061561408791049
3.8288160465625607,1.005876714717218
3.834951969714103,1.0055951379032446
3.841087892865646,1.0053121121872062
3.847223816017188,1.0050283557992168
3.853359739168731,1.0047446023621374
3.859495662320273,1.004461599815373
3.865631585471816,1.0041801093562133
3.8717675086233583,1.003900904404855
3.877903431774901,1.0036247695989546
3.884039354926444,1.0033524998232388
3.890175278077986,1.0030848992793582
3.896311201229529,1.002822780600809
3.902447124381071,1.002566964017373
3.908583047532614,1.00231827657315
3.9147189706841563,1.0020775514018667
3.920854893835699,1.0018456270627736
3.9269908169872414,1.001623346940055
3.933126740138784,1.0014115587083248
3.9392626632903265,1.0012111138664168
3.9453985864418692,1.0010228673413526
3.951534509593412,1.0008476771640498
3.9576704327449543,1.0006864042180446
3.963806355896497,1.0005399120622296
3.9699422790480394,1.0004090668283716
3.976078202199582,1.0002947371939523
3.9822141253511245,1.0001977944306952
3.9883500485026673,1.0001191125289832
3.9944859716542096,1.0000595683982407
4.000621894805752,1.000020042143266
4.006757817957295,1.0000014174164258
4.0128937411088375,1.0000045818455916
4.01902966426038,1.0000304275376946
4.025165587411923,1.0000798516577933
4.031301510563465,1.0001537570836099
4.037437433715008,1.000253053135566
4.04357335686655,1.0003786563824706
4.049709280018093,1.000531491523138
4.0558452031696355,1.000712492344398
4.061981126321178,1.0009226027561415
4.06811704947272,1.0011627779042787
4.074252972624263,1.0014339853627332
4.080388895775806,1.0017372064058716
4.086524818927348,1.002073437363086
4.092660742078891,1.0024436910575683
4.0987966652304335,1.0028489983316977
4.104932588381976,1.0032904096618476
4.111068511533518,1.003768996865857
4.117204434685061,1.0042858549068703
4.123340357836604,1.0048421037977597
4.129476280988146,1.0054388906108742
4.135612204139688,1.0060773915984547
4.1417481272912315,1.0067588144296769
4.147884050442774,1.0074844005509687
4.154019973594316,1.0082554276769813
4.160155896745859,1.0090732124203932
4.166291819897402,1.0099391130695856
4.172427743048944,1.0108545325241693
4.178563666200486,1.0118209213993576
4.18469958935203,1.0128397813112953
4.190835512503572,1.0139126683566593
4.196971435655114,1.0150411968011779
4.2031073588066565,1.0162270429931601
4.2092432819582,1.017471949519723
4.215379205109742,1.0187777296251508
4.221515128261284,1.0201462719127483
4.227651051412828,1.0215795453536767
4.23378697456437,1.0230796046286033
4.239922897715912,1.0246485958306042
4.246058820867455,1.0262887625606312
4.252194744018998,1.0280024524500635
4.25833066717054,1.0297921241484214
4.264466590322082,1.0316603548182894
4.270602513473625,1.0336098481839298
4.276738436625168,1.035643443185015
4.28287435977671,1.0377641232924717
4.289010282928253,1.0399750265496381
4.295146206079796,1.0422794564089544
4.301282129231338,1.0446808934422782
4.3074180523828804,1.0471830080118107
4.313553975534423,1.0497896739986674
4.319689898685966,1.052504983697505
4.325825821837508,1.0553332639985167
4.331961744989051,1.058279093992776
4.338097668140594,1.0613473241536078
4.344233591292136,1.064543097265721
4.3503695144436785,1.067871871295634
4.356505437595221,1.0713394444218844
4.362641360746764,1.074951982472201
4.368777283898306,1.0787160490478296
4.374913207049849,1.0826386386532867
4.381049130201391,1.0867272131938812
4.387185053352934,1.0909897422544284
4.3933209765044765,1.095434747631975
4.399456899656019,1.1000713526645935
4.405592822807562,1.1049093369792375
4.411728745959104,1.1099591973765452
4.417864669110647,1.1152322156820558
4.424000592262189,1.1207405345249237
4.430136515413732,1.126497242160977
4.4362724385652745,1.1325164676419115
4.442408361716817,1.138813487852801
4.448544284868359,1.1454048482036605
4.454680208019902,1.152308499077215
4.460816131171445,1.159543950516385
4.466952054322987,1.1671324480965746
4.47308797747453,1.1750971734888966
4.479223900626073,1.1834634739055996
4.485359823777615,1.1922591254595234
4.491495746929157,1.2015146365059064
4.4976316700807,1.2112635983196114
4.503767593232243,1.221543092062127
4.509903516383785,1.2323941630000939
4.516039439535327,1.2438623754690252
4.522175362686871,1.2559984652900207
4.528311285838413,1.2688591104553069
4.534447208989955,1.2825078461869532
4.5405831321414984,1.2970161573335204
4.546719055293041,1.312464790041377
4.552854978444583,1.3289453364725223
4.558990901596125,1.3465621620968258
4.565126824747669,1.3654347662695323
4.571262747899211,1.3857006955844744
4.577398671050753,1.4075191690368067
4.583534594202296,1.4310756290234758
4.589670517353839,1.456587509696128
4.595806440505381,1.4843116249072457
4.601942363656923,1.5145537386466443
4.608078286808467,1.5476811178605234
4.614214209960009,1.5841392235158955
4.620350133111551,1.6244742410830182
4.626486056263094,1.6693640051764436
4.632621979414637,1.7196612411715184
4.638757902566179,1.7764552971023368
4.6448938257177215,1.8411623485369908
4.651029748869264,1.9156607123493354
4.657165672020807,2.002499927098831
4.663301595172349,2.105234777324622
4.669437518323892,2.22897917036239
4.675573441475435,2.3813622625103954
4.681709364626977,2.574244915563352
4.6878452877785195,2.8268727101272053
4.693981210930062,3.171333749116244
4.700117134081605,3.657073445399425
4.706253057233147,4.302531986392137
4.71238898038469,4.7255168399801315
4.718524903536232,4.302531986392137
4.724660826687775,3.657073445399425
4.7307967498393175,3.171333749116244
4.73693267299086,2.8268727101272053
4.743068596142403,2.574244915563352
4.749204519293945,2.3813622625103954
4.755340442445488,2.22897917036239
4.76147636559703,2.105234777324622
4.767612288748573,2.002499927098831
4.773748211900116,1.9156607123493354
4.779884135051658,1.8411623485369908
4.7860200582032,1.7764552971023368
4.792155981354743,1.7196612411715184
4.798291904506286,1.6693640051764436
4.804427827657828,1.6244742410830182
4.810563750809371,1.5841392235158955
4.816699673960914,1.5476811178605234
4.822835597112456,1.5145537386466443
4.828971520263998,1.4843116249072457
4.835107443415541,1.456587509696128
4.841243366567084,1.4310756290234758
4.847379289718626,1.4075191690368067
4.853515212870169,1.3857006955844744
4.859651136021712,1.3654347662695323
4.865787059173254,1.3465621620968258
4.871922982324796,1.3289453364725223
4.8780589054763395,1.312464790041377
4.884194828627882,1.2970161573335204
4.890330751779424,1.2825078461869532
4.896466674930966,1.2688591104553069
4.90260259808251,1.2559984652900207
4.908738521234052,1.2438623754690252
4.914874444385594,1.2323941630000939
4.9210103675371375,1.221543092062127
4.92714629068868,1.2112635983196114
4.933282213840222,1.2015146365059064
4.9394181369917645,1.1922591254595234
4.945554060143308,1.1834634739055996
4.95168998329485,1.1750971734888966
4.957825906446392,1.1671324480965746
4.963961829597935,1.159543950516385
4.970097752749478,1.152308499077215
4.97623367590102,1.1454048482036605
4.9823695990525625,1.138813487852801
4.988505522204106,1.1325164676419115
4.994641445355648,1.126497242160977
5.00077736850719,1.1207405345249237
5.006913291658733,1.1152322156820558
5.013049214810276,1.1099591973765452
5.019185137961818,1.1049093369792375
5.0253210611133605,1.1000713526645935
5.031456984264903,1.095434747631975
5.037592907416446,1.0909897422544284
5.043728830567988,1.0867272131938812
5.049864753719531,1.0826386386532867
5.056000676871074,1.0787160490478296
5.062136600022616,1.074951982472201
5.0682725231741586,1.0713394444218844
5.074408446325701,1.067871871295634
5.080544369477244,1.064543097265721
5.086680292628786,1.0613473241536078
5.092816215780329,1.058279093992776
5.098952138931871,1.0553332639985167
5.105088062083414,1.052504983697505
5.111223985234957,1.0497896739986674
5.117359908386499,1.0471830080118107
5.123495831538042,1.0446808934422782
5.129631754689584,1.0422794564089544
5.135767677841127,1.0399750265496381
5.141903600992669,1.0377641232924717
5.148039524144212,1.035643443185015
5.154175447295755,1.0336098481839298
5.160311370447297,1.0316603548182894
5.166447293598839,1.0297921241484214
5.1725832167503825,1.0280024524500635
5.178719139901925,1.0262887625606312
5.184855063053467,1.0246485958306042
5.19099098620501,1.0230796046286033
5.197126909356553,1.0215795453536767
5.203262832508095,1.0201462719127483
5.209398755659637,1.0187777296251508
5.2155346788111805,1.017471949519723
5.221670601962723,1.0162270429931601
5.227806525114265,1.0150411968011779
5.2339424482658075,1.0139126683566593
5.240078371417351,1.0128397813112953
5.246214294568893,1.0118209213993576
5.252350217720435,1.0108545325241693
5.2584861408719785,1.0099391130695856
5.264622064023521,1.0090732124203932
5.270757987175063,1.0082554276769813
5.2768939103266055,1.0074844005509687
5.283029833478149,1.0067588144296769
5.289165756629691,1.0060773915984547
5.295301679781233,1.0054388906108742
5.301437602932776,1.0048421037977597
5.307573526084319,1.0042858549068703
5.313709449235861,1.003768996865857
5.3198453723874035,1.0032904096618476
5.325981295538947,1.0028489983316977
5.332117218690489,1.0024436910575683
5.338253141842031,1.002073437363086
5.344389064993574,1.0017372064058716
5.350524988145117,1.0014339853627332
5.356660911296659,1.0011627779042787
5.3627968344482015,1.0009226027561415
5.368932757599744,1.000712492344398
5.375068680751287,1.000531491523138
5.381204603902829,1.0003786563824706
5.387340527054372,1.000253053135566
5.393476450205915,1.0001537570836099
5.399612373357457,1.0000798516577933
5.405748296509,1.0000304275376946
5.411884219660542,1.0000045818455916
5.418020142812085,1.0000014174164258
5.424156065963627,1.000020042143266
5.43029198911517,1.0000595683982407
5.436427912266713,1.0001191125289832
5.442563835418255,1.0001977944306952
5.448699758569798,1.0002947371939523
5.45483568172134,1.0004090668283716
5.460971604872883,1.0005399120622296
5.4671075280244255,1.0006864042180446
5.473243451175968,1.0008476771640498
5.47937937432751,1.0010228673413526
5.485515297479053,1.0012111138664168
5.491651220630596,1.0014115587083248
5.497787143782138,1.001623346940055
5.503923066933681,1.0018456270627736
5.5100589900852235,1.0020775514018667
5.516194913236766,1.00231827657315
5.522330836388308,1.002566964017373
5.528466759539851,1.002822780600809
5.534602682691394,1.0030848992793582
5.540738605842936,1.0033524998232388
5.546874528994478,1.0036247695989546
5.5530104521460215,1.003900904404855
5.559146375297564,1.0041801093562133
5.565282298449106,1.004461599815373
5.571418221600649,1.0047446023621374
5.577554144752192,1.0050283557992168
5.583690067903734,1.0053121121872062
5.589825991055276,1.0055951379032446
5.5959619142068195,1.005876714717218
5.602097837358362,1.0061561408791049
5.608233760509904,1.0064327322108486
5.6143696836614465,1.0067058231959554
5.62050560681299,1.0069747680598917
5.626641529964532,1.0072389418342698
5.632777453116074,1.0074977413977875
5.638913376267618,1.0077505864869114
5.64504929941916,1.0079969206693908
5.651185222570702,1.0082362122738298
5.6573211457222445,1.0084679552687554
5.663457068873788,1.0086916700848936
5.66959299202533,1.0089069043746828
5.675728915176872,1.009113233703449
5.681864838328415,1.0093102621670915
5.688000761479958,1.0094976229316301
5.6941366846315,1.0096749786904817
5.700272607783043,1.0098420220359206
5.706408530934586,1.0099984757417733
5.712544454086128,1.010144092955038
5.71868037723767,1.0102786572947744
5.724816300389213,1.0104019828572748
5.730952223540756,1.010513914127207
5.737088146692298,1.010614325795089
5.743224069843841,1.010703122482126
5.749359992995383,1.010780238374082
5.755495916146926,1.0108456367664933
5.7616318392984684,1.010899309524118
5.767767762450011,1.0109412764580874
5.773903685601554,1.0109715846247314
5.780039608753096,1.01099030755054
5.786175531904639,1.0109975443881298
5.792311455056181,1.0109934190084668
5.798447378207724,1.0109780790349037
5.8045833013592665,1.0109516948248507
5.810719224510809,1.0109144584050944
5.816855147662351,1.010866582366916
5.822991070813894,1.0108082987272504
5.829126993965437,1.0107398577621425
5.835262917116979,1.0106615268187318
5.841398840268522,1.010573589111922
5.8475347634200645,1.0104763425117502
5.853670686571607,1.0103700983273087
5.859806609723149,1.0102551800928505
5.865942532874692,1.0101319223614633
5.872078456026235,1.0100006695114117
5.878214379177777,1.0098617745699392
5.884350302329319,1.0097155980589905
5.8904862254808625,1.0095625068669616
5.896622148632405,1.0094028731502294
5.902758071783947,1.0092370732678333
5.90889399493549,1.0090654867523092
5.915029918087033,1.008888495319302
5.921165841238575,1.0087064819182032
5.927301764390117,1.0085198298256979
5.933437687541661,1.0083289217837441
5.939573610693203,1.0081341391831669
5.945709533844745,1.0079358612937062
5.9518454569962875,1.0077344645410595
5.957981380147831,1.007530321831144
5.964117303299373,1.0073238019215387
5.970253226450915,1.0071152688397993
5.976389149602459,1.0069050813481055
5.982525072754001,1.0066935924534803
5.988660995905543,1.0064811489626266
5.994796919057086,1.0062680910802495
6.000932842208629,1.0060547520495804
6.007068765360171,1.0058414578336814
6.013204688511713,1.005628526835998
6.019340611663257,1.0054162696585232
6.025476534814799,1.0052049888958698
6.031612457966341,1.0049949789634718
6.037748381117884,1.0047865259580984
6.043884304269427,1.00457990754883
6.050020227420969,1.0043753928966237
6.056156150572511,1.0041732426005956
6.062292073724054,1.0039737086691414
6.068427996875597,1.0037770345140469
6.074563920027139,1.0035834549657472
6.080699843178682,1.0033931963079372
6.086835766330225,1.003206476329769
6.092971689481767,1.0030235043939146
6.0991076126333095,1.0028444815188293
6.105243535784852,1.002669600473593
6.111379458936395,1.0024990458837773
6.117515382087937,1.0023329943468304
6.12365130523948,1.0021716145555533
6.129787228391022,1.0020150674282788
6.135923151542565,1.0018635062444554
6.1420590746941075,1.001717076784379
6.14819499784565,1.0015759174718997
6.154330920997193,1.0014401595189752
6.160466844148735,1.001309927071027
6.166602767300278,1.0011853373520943
6.17273869045182,1.0010665008088646
6.178874613603363,1.0009535212527005
6.1850105367549055,1.000846495998851
6.191146459906448,1.0007455160020886
6.19728238305799,1.000650665988068
6.203418306209533,1.0005620245797537
6.209554229361076,1.0004796644183152
6.215690152512618,1.0004036522779414
6.221826075664161,1.0003340491740633
6.227961998815704,1.0002709104645309
6.234097921967246,1.0002142859433238
6.240233845118788,1.0001642199264265
6.246369768270331,1.0001207513295272
6.252505691421874,1.0000839137372544
6.258641614573416,1.0000537354636883
6.264777537724958,1.0000302396039293
6.270913460876502,1.0000134440765387
6.277049384028044,1.0000033616567021
