N,M,m,name,error,source
10,10,0,alpha^1,5.7668884830597326e-08,outputs/blaschke_deformation_certifier/data/raw_spectrum_square_N_sweep.csv
20,20,0,alpha^1,4.1475188416193376e-15,outputs/blaschke_deformation_certifier/data/raw_spectrum_square_N_sweep.csv
30,30,0,alpha^1,4.677170717803678e-21,outputs/blaschke_deformation_certifier/data/raw_spectrum_square_N_sweep.csv
40,40,0,alpha^1,1.72197849984669e-27,outputs/blaschke_deformation_certifier/data/raw_spectrum_square_N_sweep.csv
50,50,0,alpha^1,4.671336676777947e-34,outputs/blaschke_deformation_certifier/data/raw_spectrum_square_N_sweep.csv
60,60,0,alpha^1,9.9516733665686e-41,outputs/blaschke_deformation_certifier/data/raw_spectrum_square_N_sweep.csv
70,70,0,alpha^1,1.4746143944640823e-47,outputs/blaschke_deformation_certifier/data/raw_spectrum_square_N_sweep.csv
80,80,0,alpha^1,2.2317120804979123e-55,outputs/blaschke_deformation_certifier/data/raw_spectrum_square_N_sweep.csv
90,90,0,alpha^1,8.529980141257249e-61,outputs/blaschke_deformation_certifier/data/raw_spectrum_square_N_sweep.csv
100,100,0,alpha^1,3.998185254474666e-67,outputs/blaschke_deformation_certifier/data/raw_spectrum_square_N_sweep.csv
20,20,0,alpha^10,0.0279578922337208,outputs/blaschke_deformation_certifier/data/raw_spectrum_square_N_sweep.csv
30,30,0,alpha^10,0.0002370352923312,outputs/blaschke_deformation_certifier/data/raw_spectrum_square_N_sweep.csv
40,40,0,alpha^10,2.5429422776525178e-08,outputs/blaschke_deformation_certifier/data/raw_spectrum_square_N_sweep.csv
50,50,0,alpha^10,1.7155150473664573e-15,outputs/blaschke_deformation_certifier/data/raw_spectrum_square_N_sweep.csv
60,60,0,alpha^10,3.4260915188599465e-22,outputs/blaschke_deformation_certifier/data/raw_spectrum_square_N_sweep.csv
70,70,0,alpha^10,6.082910006899723e-28,outputs/blaschke_deformation_certifier/data/raw_spectrum_square_N_sweep.csv
80,80,0,alpha^10,5.791689649282779e-33,outputs/blaschke_deformation_certifier/data/raw_spectrum_square_N_sweep.csv
90,90,0,alpha^10,1.7287889901688226e-38,outputs/blaschke_deformation_certifier/data/raw_spectrum_square_N_sweep.csv
100,100,0,alpha^10,3.081052014432185e-44,outputs/blaschke_deformation_certifier/data/raw_spectrum_square_N_sweep.csv
20,20,0,alpha^11,0.0307961212499128,outputs/blaschke_deformation_certifier/data/raw_spectrum_square_N_sweep.csv
30,30,0,alpha^11,0.0061742662603062,outputs/blaschke_deformation_certifier/data/raw_spectrum_square_N_sweep.csv
40,40,0,alpha^11,3.4585555528061504e-06,outputs/blaschke_deformation_certifier/data/raw_spectrum_square_N_sweep.csv
50,50,0,alpha^11,6.927217576969945e-13,outputs/blaschke_deformation_certifier/data/raw_spectrum_square_N_sweep.csv
60,60,0,alpha^11,3.676871469163773e-21,outputs/blaschke_deformation_certifier/data/raw_spectrum_square_N_sweep.csv
70,70,0,alpha^11,1.0897139021702459e-27,outputs/blaschke_deformation_certifier/data/raw_spectrum_square_N_sweep.csv
80,80,0,alpha^11,6.94895538139576e-32,outputs/blaschke_deformation_certifier/data/raw_spectrum_square_N_sweep.csv
90,90,0,alpha^11,3.011424103815776e-37,outputs/blaschke_deformation_certifier/data/raw_spectrum_square_N_sweep.csv
100,100,0,alpha^11,7.17438159967368e-43,outputs/blaschke_deformation_certifier/data/raw_spectrum_square_N_sweep.csv
20,20,0,alpha^12,0.9943119909368944,outputs/blaschke_deformation_certifier/data/raw_spectrum_square_N_sweep.csv
30,30,0,alpha^12,0.0079326984354283,outputs/blaschke_deformation_certifier/data/raw_spectrum_square_N_sweep.csv
40,40,0,alpha^12,0.000127239860751,outputs/blaschke_deformation_certifier/data/raw_spectrum_square_N_sweep.csv
50,50,0,alpha^12,1.1437633708185479e-10,outputs/blaschke_deformation_certifier/data/raw_spectrum_square_N_sweep.csv
60,60,0,alpha^12,5.9168818025101954e-18,outputs/blaschke_deformation_certifier/data/raw_spectrum_square_N_sweep.csv
70,70,0,alpha^12,1.3247813134523651e-24,outputs/blaschke_deformation_certifier/data/raw_spectrum_square_N_sweep.csv
80,80,0,alpha^12,8.603304044249469e-30,outputs/blaschke_deformation_certifier/data/raw_spectrum_square_N_sweep.csv
90,90,0,alpha^12,2.728184287771917e-35,outputs/blaschke_deformation_certifier/data/raw_spectrum_square_N_sweep.csv
100,100,0,alpha^12,4.897997806555716e-41,outputs/blaschke_deformation_certifier/data/raw_spectrum_square_N_sweep.csv
30,30,0,alpha^13,0.0072132694330166,outputs/blaschke_deformation_certifier/data/raw_spectrum_square_N_sweep.csv
40,40,0,alpha^13,0.000458048063047,outputs/blaschke_deformation_certifier/data/raw_spectrum_square_N_sweep.csv
50,50,0,alpha^13,3.54412626309895e-09,outputs/blaschke_deformation_certifier/data/raw_spectrum_square_N_sweep.csv
60,60,0,alpha^13,4.863961656439109e-16,outputs/blaschke_deformation_certifier/data/raw_spectrum_square_N_sweep.csv
70,70,0,alpha^13,3.1055788685185283e-24,outputs/blaschke_deformation_certifier/data/raw_spectrum_square_N_sweep.csv
80,80,0,alpha^13,8.852326694157603e-29,outputs/blaschke_deformation_certifier/data/raw_spectrum_square_N_sweep.csv
90,90,0,alpha^13,3.8073287299211173e-34,outputs/blaschke_deformation_certifier/data/raw_spectrum_square_N_sweep.csv
100,100,0,alpha^13,9.321812033037964e-40,outputs/blaschke_deformation_certifier/data/raw_spectrum_square_N_sweep.csv
30,30,0,alpha^14,0.0068298303468842,outputs/blaschke_deformation_certifier/data/raw_spectrum_square_N_sweep.csv
40,40,0,alpha^14,0.001817765575098,outputs/blaschke_deformation_certifier/data/raw_spectrum_square_N_sweep.csv
50,50,0,alpha^14,2.3526518755888585e-05,outputs/blaschke_deformation_certifier/data/raw_spectrum_square_N_sweep.csv
60,60,0,alpha^14,1.1342057906713338e-11,outputs/blaschke_deformation_certifier/data/raw_spectrum_square_N_sweep.csv
70,70,0,alpha^14,5.074764384438643e-19,outputs/blaschke_deformation_certifier/data/raw_spectrum_square_N_sweep.csv
80,80,0,alpha^14,6.2696282468558985e-27,outputs/blaschke_deformation_certifier/data/raw_spectrum_square_N_sweep.csv
90,90,0,alpha^14,1.0153357710120467e-32,outputs/blaschke_deformation_certifier/data/raw_spectrum_square_N_sweep.csv
100,100,0,alpha^14,5.2097413659509895e-40,outputs/blaschke_deformation_certifier/data/raw_spectrum_square_N_sweep.csv
30,30,0,alpha^15,0.0062090957342282,outputs/blaschke_deformation_certifier/data/raw_spectrum_square_N_sweep.csv
40,40,0,alpha^15,0.001860387520854,outputs/blaschke_deformation_certifier/data/raw_spectrum_square_N_sweep.csv
50,50,0,alpha^15,1.0603722937587708e-05,outputs/blaschke_deformation_certifier/data/raw_spectrum_square_N_sweep.csv
60,60,0,alpha^15,1.4520007895515387e-11,outputs/blaschke_deformation_certifier/data/raw_spectrum_square_N_sweep.csv
70,70,0,alpha^15,1.505340590510909e-18,outputs/blaschke_deformation_certifier/data/raw_spectrum_square_N_sweep.csv
80,80,0,alpha^15,4.89099326549581e-26,outputs/blaschke_deformation_certifier/data/raw_spectrum_square_N_sweep.csv
90,90,0,alpha^15,1.3248168682946778e-31,outputs/blaschke_deformation_certifier/data/raw_spectrum_square_N_sweep.csv
100,100,0,alpha^15,1.6708618154371189e-37,outputs/blaschke_deformation_certifier/data/raw_spectrum_square_N_sweep.csv
30,30,0,alpha^16,0.008150444450136,outputs/blaschke_deformation_certifier/data/raw_spectrum_square_N_sweep.csv
40,40,0,alpha^16,0.0015677799028775,outputs/blaschke_deformation_certifier/data/raw_spectrum_square_N_sweep.csv
50,50,0,alpha^16,0.0002635566244515,outputs/blaschke_deformation_certifier/data/raw_spectrum_square_N_sweep.csv
60,60,0,alpha^16,4.504574317419788e-09,outputs/blaschke_deformation_certifier/data/raw_spectrum_square_N_sweep.csv
70,70,0,alpha^16,1.5248113156973954e-15,outputs/blaschke_deformation_certifier/data/raw_spectrum_square_N_sweep.csv
80,80,0,alpha^16,6.156778431168237e-23,outputs/blaschke_deformation_certifier/data/raw_spectrum_square_N_sweep.csv
90,90,0,alpha^16,2.3962252755812903e-30,outputs/blaschke_deformation_certifier/data/raw_spectrum_square_N_sweep.csv
100,100,0,alpha^16,3.771883179849468e-35,outputs/blaschke_deformation_certifier/data/raw_spectrum_square_N_sweep.csv
30,30,0,alpha^17,0.0153811467148731,outputs/blaschke_deformation_certifier/data/raw_spectrum_square_N_sweep.csv
40,40,0,alpha^17,0.0016485067584393,outputs/blaschke_deformation_certifier/data/raw_spectrum_square_N_sweep.csv
50,50,0,alpha^17,0.0005079388095998,outputs/blaschke_deformation_certifier/data/raw_spectrum_square_N_sweep.csv
60,60,0,alpha^17,2.859943262874685e-07,outputs/blaschke_deformation_certifier/data/raw_spectrum_square_N_sweep.csv
70,70,0,alpha^17,2.052615469140417e-13,outputs/blaschke_deformation_certifier/data/raw_spectrum_square_N_sweep.csv
80,80,0,alpha^17,1.7336039421119556e-20,outputs/blaschke_deformation_certifier/data/raw_spectrum_square_N_sweep.csv
90,90,0,alpha^17,2.5610210476500797e-28,outputs/blaschke_deformation_certifier/data/raw_spectrum_square_N_sweep.csv
100,100,0,alpha^17,2.8120345274642987e-34,outputs/blaschke_deformation_certifier/data/raw_spectrum_square_N_sweep.csv
30,30,0,alpha^18,0.9995710166665956,outputs/blaschke_deformation_certifier/data/raw_spectrum_square_N_sweep.csv
40,40,0,alpha^18,0.0015050389264379,outputs/blaschke_deformation_certifier/data/raw_spectrum_square_N_sweep.csv
50,50,0,alpha^18,0.000481842630604,outputs/blaschke_deformation_certifier/data/raw_spectrum_square_N_sweep.csv
60,60,0,alpha^18,6.895802075482304e-06,outputs/blaschke_deformation_certifier/data/raw_spectrum_square_N_sweep.csv
70,70,0,alpha^18,1.7393246395782588e-11,outputs/blaschke_deformation_certifier/data/raw_spectrum_square_N_sweep.csv
80,80,0,alpha^18,4.1284035434764866e-18,outputs/blaschke_deformation_certifier/data/raw_spectrum_square_N_sweep.csv
90,90,0,alpha^18,1.5231466963316143e-25,outputs/blaschke_deformation_certifier/data/raw_spectrum_square_N_sweep.csv
100,100,0,alpha^18,2.2878567574163616e-32,outputs/blaschke_deformation_certifier/data/raw_spectrum_square_N_sweep.csv
10,10,0,alpha^2,4.459883547072277e-05,outputs/blaschke_deformation_certifier/data/raw_spectrum_square_N_sweep.csv
20,20,0,alpha^2,9.9628592130339e-12,outputs/blaschke_deformation_certifier/data/raw_spectrum_square_N_sweep.csv
30,30,0,alpha^2,7.911018031400976e-18,outputs/blaschke_deformation_certifier/data/raw_spectrum_square_N_sweep.csv
40,40,0,alpha^2,3.2674524322994723e-24,outputs/blaschke_deformation_certifier/data/raw_spectrum_square_N_sweep.csv
50,50,0,alpha^2,8.071095602008246e-31,outputs/blaschke_deformation_certifier/data/raw_spectrum_square_N_sweep.csv
60,60,0,alpha^2,4.604176953180369e-38,outputs/blaschke_deformation_certifier/data/raw_spectrum_square_N_sweep.csv
70,70,0,alpha^2,7.256129550889845e-44,outputs/blaschke_deformation_certifier/data/raw_spectrum_square_N_sweep.csv
80,80,0,alpha^2,4.7677061321843535e-50,outputs/blaschke_deformation_certifier/data/raw_spectrum_square_N_sweep.csv
90,90,0,alpha^2,1.943120173837412e-56,outputs/blaschke_deformation_certifier/data/raw_spectrum_square_N_sweep.csv
100,100,0,alpha^2,6.015873376087107e-63,outputs/blaschke_deformation_certifier/data/raw_spectrum_square_N_sweep.csv
10,10,0,alpha^3,0.012331137168477,outputs/blaschke_deformation_certifier/data/raw_spectrum_square_N_sweep.csv
20,20,0,alpha^3,2.3368448619916687e-10,outputs/blaschke_deformation_certifier/data/raw_spectrum_square_N_sweep.csv
30,30,0,alpha^3,4.19759831281045e-16,outputs/blaschke_deformation_certifier/data/raw_spectrum_square_N_sweep.csv
40,40,0,alpha^3,3.352382655136637e-22,outputs/blaschke_deformation_certifier/data/raw_spectrum_square_N_sweep.csv
50,50,0,alpha^3,1.475459545165892e-28,outputs/blaschke_deformation_certifier/data/raw_spectrum_square_N_sweep.csv
60,60,0,alpha^3,2.8615490232800607e-35,outputs/blaschke_deformation_certifier/data/raw_spectrum_square_N_sweep.csv
70,70,0,alpha^3,1.1897655676223954e-41,outputs/blaschke_deformation_certifier/data/raw_spectrum_square_N_sweep.csv
80,80,0,alpha^3,1.4753626328676387e-47,outputs/blaschke_deformation_certifier/data/raw_spectrum_square_N_sweep.csv
90,90,0,alpha^3,8.514486749598256e-54,outputs/blaschke_deformation_certifier/data/raw_spectrum_square_N_sweep.csv
100,100,0,alpha^3,3.5253083476625047e-60,outputs/blaschke_deformation_certifier/data/raw_spectrum_square_N_sweep.csv
10,10,0,alpha^4,0.0659553656427027,outputs/blaschke_deformation_certifier/data/raw_spectrum_square_N_sweep.csv
20,20,0,alpha^4,6.815352641048228e-08,outputs/blaschke_deformation_certifier/data/raw_spectrum_square_N_sweep.csv
30,30,0,alpha^4,3.3827034987609226e-14,outputs/blaschke_deformation_certifier/data/raw_spectrum_square_N_sweep.csv
40,40,0,alpha^4,2.302770825522668e-20,outputs/blaschke_deformation_certifier/data/raw_spectrum_square_N_sweep.csv
50,50,0,alpha^4,1.1803134490814516e-26,outputs/blaschke_deformation_certifier/data/raw_spectrum_square_N_sweep.csv
60,60,0,alpha^4,3.393862283294902e-32,outputs/blaschke_deformation_certifier/data/raw_spectrum_square_N_sweep.csv
70,70,0,alpha^4,3.248628001075647e-38,outputs/blaschke_deformation_certifier/data/raw_spectrum_square_N_sweep.csv
80,80,0,alpha^4,2.0137940872904853e-44,outputs/blaschke_deformation_certifier/data/raw_spectrum_square_N_sweep.csv
90,90,0,alpha^4,8.9205281334807e-51,outputs/blaschke_deformation_certifier/data/raw_spectrum_square_N_sweep.csv
100,100,0,alpha^4,2.6302214091857465e-57,outputs/blaschke_deformation_certifier/data/raw_spectrum_square_N_sweep.csv
10,10,0,alpha^5,0.0806501420561081,outputs/blaschke_deformation_certifier/data/raw_spectrum_square_N_sweep.csv
20,20,0,alpha^5,9.797343283967356e-06,outputs/blaschke_deformation_certifier/data/raw_spectrum_square_N_sweep.csv
30,30,0,alpha^5,5.777497426599559e-13,outputs/blaschke_deformation_certifier/data/raw_spectrum_square_N_sweep.csv
40,40,0,alpha^5,8.649354351633234e-19,outputs/blaschke_deformation_certifier/data/raw_spectrum_square_N_sweep.csv
50,50,0,alpha^5,8.262578964353456e-26,outputs/blaschke_deformation_certifier/data/raw_spectrum_square_N_sweep.csv
60,60,0,alpha^5,1.3296192467835614e-30,outputs/blaschke_deformation_certifier/data/raw_spectrum_square_N_sweep.csv
70,70,0,alpha^5,2.0789531933114426e-36,outputs/blaschke_deformation_certifier/data/raw_spectrum_square_N_sweep.csv
80,80,0,alpha^5,1.8385140502197338e-42,outputs/blaschke_deformation_certifier/data/raw_spectrum_square_N_sweep.csv
90,90,0,alpha^5,1.1194651916545716e-48,outputs/blaschke_deformation_certifier/data/raw_spectrum_square_N_sweep.csv
100,100,0,alpha^5,4.679175101643343e-55,outputs/blaschke_deformation_certifier/data/raw_spectrum_square_N_sweep.csv
10,10,0,alpha^6,0.924581109375,outputs/blaschke_deformation_certifier/data/raw_spectrum_square_N_sweep.csv
20,20,0,alpha^6,0.002845166911015,outputs/blaschke_deformation_certifier/data/raw_spectrum_square_N_sweep.csv
30,30,0,alpha^6,4.3018399345839127e-10,outputs/blaschke_deformation_certifier/data/raw_spectrum_square_N_sweep.csv
40,40,0,alpha^6,8.056923072703488e-17,outputs/blaschke_deformation_certifier/data/raw_spectrum_square_N_sweep.csv
50,50,0,alpha^6,2.8218450191913265e-22,outputs/blaschke_deformation_certifier/data/raw_spectrum_square_N_sweep.csv
60,60,0,alpha^6,5.2391988670827205e-28,outputs/blaschke_deformation_certifier/data/raw_spectrum_square_N_sweep.csv
70,70,0,alpha^6,5.927433865723468e-34,outputs/blaschke_deformation_certifier/data/raw_spectrum_square_N_sweep.csv
80,80,0,alpha^6,4.186457299080987e-40,outputs/blaschke_deformation_certifier/data/raw_spectrum_square_N_sweep.csv
90,90,0,alpha^6,1.4449109659281028e-46,outputs/blaschke_deformation_certifier/data/raw_spectrum_square_N_sweep.csv
100,100,0,alpha^6,6.1012011763783515e-53,outputs/blaschke_deformation_certifier/data/raw_spectrum_square_N_sweep.csv
20,20,0,alpha^7,0.0068770426291035,outputs/blaschke_deformation_certifier/data/raw_spectrum_square_N_sweep.csv
30,30,0,alpha^7,1.6039718988325212e-08,outputs/blaschke_deformation_certifier/data/raw_spectrum_square_N_sweep.csv
40,40,0,alpha^7,7.862774645875935e-16,outputs/blaschke_deformation_certifier/data/raw_spectrum_square_N_sweep.csv
50,50,0,alpha^7,3.894856399477832e-21,outputs/blaschke_deformation_certifier/data/raw_spectrum_square_N_sweep.csv
60,60,0,alpha^7,1.1563836218222335e-26,outputs/blaschke_deformation_certifier/data/raw_spectrum_square_N_sweep.csv
70,70,0,alpha^7,1.9411326166458226e-32,outputs/blaschke_deformation_certifier/data/raw_spectrum_square_N_sweep.csv
80,80,0,alpha^7,1.9838888310528903e-38,outputs/blaschke_deformation_certifier/data/raw_spectrum_square_N_sweep.csv
90,90,0,alpha^7,1.134964921775888e-44,outputs/blaschke_deformation_certifier/data/raw_spectrum_square_N_sweep.csv
100,100,0,alpha^7,2.275451374912985e-52,outputs/blaschke_deformation_certifier/data/raw_spectrum_square_N_sweep.csv
20,20,0,alpha^8,0.0216512354847592,outputs/blaschke_deformation_certifier/data/raw_spectrum_square_N_sweep.csv
30,30,0,alpha^8,1.5226518186342852e-05,outputs/blaschke_deformation_certifier/data/raw_spectrum_square_N_sweep.csv
40,40,0,alpha^8,1.1800636782584145e-12,outputs/blaschke_deformation_certifier/data/raw_spectrum_square_N_sweep.csv
50,50,0,alpha^8,4.200784043949018e-19,outputs/blaschke_deformation_certifier/data/raw_spectrum_square_N_sweep.csv
60,60,0,alpha^8,1.0113986567642448e-24,outputs/blaschke_deformation_certifier/data/raw_spectrum_square_N_sweep.csv
70,70,0,alpha^8,1.2421822976938513e-30,outputs/blaschke_deformation_certifier/data/raw_spectrum_square_N_sweep.csv
80,80,0,alpha^8,1.6925818547550325e-37,outputs/blaschke_deformation_certifier/data/raw_spectrum_square_N_sweep.csv
90,90,0,alpha^8,2.1852550503174666e-42,outputs/blaschke_deformation_certifier/data/raw_spectrum_square_N_sweep.csv
100,100,0,alpha^8,4.4716868421599316e-48,outputs/blaschke_deformation_certifier/data/raw_spectrum_square_N_sweep.csv
20,20,0,alpha^9,0.0303650138097817,outputs/blaschke_deformation_certifier/data/raw_spectrum_square_N_sweep.csv
30,30,0,alpha^9,0.0002193759299278,outputs/blaschke_deformation_certifier/data/raw_spectrum_square_N_sweep.csv
40,40,0,alpha^9,7.220973962775383e-11,outputs/blaschke_deformation_certifier/data/raw_spectrum_square_N_sweep.csv
50,50,0,alpha^9,3.3172435852406824e-18,outputs/blaschke_deformation_certifier/data/raw_spectrum_square_N_sweep.csv
60,60,0,alpha^9,1.4490367941681617e-23,outputs/blaschke_deformation_certifier/data/raw_spectrum_square_N_sweep.csv
70,70,0,alpha^9,2.8061465770008377e-29,outputs/blaschke_deformation_certifier/data/raw_spectrum_square_N_sweep.csv
80,80,0,alpha^9,1.9069107920327183e-35,outputs/blaschke_deformation_certifier/data/raw_spectrum_square_N_sweep.csv
90,90,0,alpha^9,4.0635124096391135e-41,outputs/blaschke_deformation_certifier/data/raw_spectrum_square_N_sweep.csv
100,100,0,alpha^9,1.3883106056721388e-46,outputs/blaschke_deformation_certifier/data/raw_spectrum_square_N_sweep.csv
10,10,0,mu^1,0.0070093495653012,outputs/blaschke_deformation_certifier/data/raw_spectrum_square_N_sweep.csv
20,20,0,mu^1,1.047091589880018e-11,outputs/blaschke_deformation_certifier/data/raw_spectrum_square_N_sweep.csv
30,30,0,mu^1,4.596754020824753e-23,outputs/blaschke_deformation_certifier/data/raw_spectrum_square_N_sweep.csv
40,40,0,mu^1,4.436662140492603e-36,outputs/blaschke_deformation_certifier/data/raw_spectrum_square_N_sweep.csv
50,50,0,mu^1,2.720234974278475e-50,outputs/blaschke_deformation_certifier/data/raw_spectrum_square_N_sweep.csv
60,60,0,mu^1,1.9209252058873336e-65,outputs/blaschke_deformation_certifier/data/raw_spectrum_square_N_sweep.csv
70,70,0,mu^1,2.294289236721426e-81,outputs/blaschke_deformation_certifier/data/raw_spectrum_square_N_sweep.csv
80,80,0,mu^1,6.072394487439015e-98,outputs/blaschke_deformation_certifier/data/raw_spectrum_square_N_sweep.csv
90,90,0,mu^1,4.334516926426964e-115,outputs/blaschke_deformation_certifier/data/raw_spectrum_square_N_sweep.csv
100,100,0,mu^1,9.71563378538771e-133,outputs/blaschke_deformation_certifier/data/raw_spectrum_square_N_sweep.csv
10,10,0,mu^2,0.1181894002093551,outputs/blaschke_deformation_certifier/data/raw_spectrum_square_N_sweep.csv
20,20,0,mu^2,0.000751792165327,outputs/blaschke_deformation_certifier/data/raw_spectrum_square_N_sweep.csv
30,30,0,mu^2,3.111510817280244e-11,outputs/blaschke_deformation_certifier/data/raw_spectrum_square_N_sweep.csv
40,40,0,mu^2,1.610009661412074e-20,outputs/blaschke_deformation_certifier/data/raw_spectrum_square_N_sweep.csv
50,50,0,mu^2,3.629598786115311e-31,outputs/blaschke_deformation_certifier/data/raw_spectrum_square_N_sweep.csv
60,60,0,mu^2,7.419148322078759e-43,outputs/blaschke_deformation_certifier/data/raw_spectrum_square_N_sweep.csv
70,70,0,mu^2,2.178794720454083e-55,outputs/blaschke_deformation_certifier/data/raw_spectrum_square_N_sweep.csv
80,80,0,mu^2,1.2575219740702143e-68,outputs/blaschke_deformation_certifier/data/raw_spectrum_square_N_sweep.csv
90,90,0,mu^2,1.788900089231883e-82,outputs/blaschke_deformation_certifier/data/raw_spectrum_square_N_sweep.csv
100,100,0,mu^2,7.443861860733791e-97,outputs/blaschke_deformation_certifier/data/raw_spectrum_square_N_sweep.csv
20,20,0,mu^3,0.0267120868148542,outputs/blaschke_deformation_certifier/data/raw_spectrum_square_N_sweep.csv
30,30,0,mu^3,7.968348153925567e-05,outputs/blaschke_deformation_certifier/data/raw_spectrum_square_N_sweep.csv
40,40,0,mu^3,1.3072085342629208e-11,outputs/blaschke_deformation_certifier/data/raw_spectrum_square_N_sweep.csv
50,50,0,mu^3,6.369606585992676e-20,outputs/blaschke_deformation_certifier/data/raw_spectrum_square_N_sweep.csv
60,60,0,mu^3,2.1795720199778187e-29,outputs/blaschke_deformation_certifier/data/raw_spectrum_square_N_sweep.csv
70,70,0,mu^3,9.013748392215788e-40,outputs/blaschke_deformation_certifier/data/raw_spectrum_square_N_sweep.csv
80,80,0,mu^3,6.47156991719405e-51,outputs/blaschke_deformation_certifier/data/raw_spectrum_square_N_sweep.csv
90,90,0,mu^3,1.0429551471851231e-62,outputs/blaschke_deformation_certifier/data/raw_spectrum_square_N_sweep.csv
100,100,0,mu^3,4.569811792323042e-75,outputs/blaschke_deformation_certifier/data/raw_spectrum_square_N_sweep.csv
20,20,0,mu^4,0.0418477983352589,outputs/blaschke_deformation_certifier/data/raw_spectrum_square_N_sweep.csv
30,30,0,mu^4,0.0067818801412902,outputs/blaschke_deformation_certifier/data/raw_spectrum_square_N_sweep.csv
40,40,0,mu^4,7.270877062859607e-06,outputs/blaschke_deformation_certifier/data/raw_spectrum_square_N_sweep.csv
50,50,0,mu^4,1.9726083729214016e-12,outputs/blaschke_deformation_certifier/data/raw_spectrum_square_N_sweep.csv
60,60,0,mu^4,3.597608895349404e-20,outputs/blaschke_deformation_certifier/data/raw_spectrum_square_N_sweep.csv
70,70,0,mu^4,6.588975712940083e-29,outputs/blaschke_deformation_certifier/data/raw_spectrum_square_N_sweep.csv
80,80,0,mu^4,1.8388943860594838e-38,outputs/blaschke_deformation_certifier/data/raw_spectrum_square_N_sweep.csv
90,90,0,mu^4,1.0451449746105058e-48,outputs/blaschke_deformation_certifier/data/raw_spectrum_square_N_sweep.csv
100,100,0,mu^4,1.4973351391973565e-59,outputs/blaschke_deformation_certifier/data/raw_spectrum_square_N_sweep.csv
30,30,0,mu^5,0.0063120353414048,outputs/blaschke_deformation_certifier/data/raw_spectrum_square_N_sweep.csv
40,40,0,mu^5,0.0015248154337509,outputs/blaschke_deformation_certifier/data/raw_spectrum_square_N_sweep.csv
50,50,0,mu^5,2.236618618303244e-05,outputs/blaschke_deformation_certifier/data/raw_spectrum_square_N_sweep.csv
60,60,0,mu^5,9.954344544043132e-12,outputs/blaschke_deformation_certifier/data/raw_spectrum_square_N_sweep.csv
70,70,0,mu^5,4.337685758911899e-19,outputs/blaschke_deformation_certifier/data/raw_spectrum_square_N_sweep.csv
80,80,0,mu^5,2.508912270232861e-27,outputs/blaschke_deformation_certifier/data/raw_spectrum_square_N_sweep.csv
90,90,0,mu^5,2.6696470242018064e-36,outputs/blaschke_deformation_certifier/data/raw_spectrum_square_N_sweep.csv
100,100,0,mu^5,6.6199706400975365e-46,outputs/blaschke_deformation_certifier/data/raw_spectrum_square_N_sweep.csv
30,30,0,mu^6,0.0118632724299285,outputs/blaschke_deformation_certifier/data/raw_spectrum_square_N_sweep.csv
40,40,0,mu^6,0.0015230270110231,outputs/blaschke_deformation_certifier/data/raw_spectrum_square_N_sweep.csv
50,50,0,mu^6,0.0003463810432165,outputs/blaschke_deformation_certifier/data/raw_spectrum_square_N_sweep.csv
60,60,0,mu^6,1.1776677288437365e-07,outputs/blaschke_deformation_certifier/data/raw_spectrum_square_N_sweep.csv
70,70,0,mu^6,8.323314918549593e-14,outputs/blaschke_deformation_certifier/data/raw_spectrum_square_N_sweep.csv
80,80,0,mu^6,6.7503602779672656e-21,outputs/blaschke_deformation_certifier/data/raw_spectrum_square_N_sweep.csv
90,90,0,mu^6,9.058482592031107e-29,outputs/blaschke_deformation_certifier/data/raw_spectrum_square_N_sweep.csv
100,100,0,mu^6,2.6111015285513383e-37,outputs/blaschke_deformation_certifier/data/raw_spectrum_square_N_sweep.csv
