real,imag
1.0000000000000007,0.0
0.6500000000725907,1.1102225531322074e-16
0.4224899272425887,-8.456730623272632e-18
0.30987358704749246,1.6653345369377348e-16
0.27439419172456053,-0.05622689508234538
0.2743941917245607,0.05622689508234561
0.30001200863533617,-9.813936048291214e-17
0.23004474128897684,-0.1205031763087489
0.23004474128897745,0.1205031763087493
0.1753396445985982,0.16906597033239762
0.17533964459859824,-0.16906597033239767
0.11245321451857097,0.20031944332055696
0.112453214518572,-0.20031944332055568
0.04569385384300132,0.2126950443405821
0.04569385384300106,-0.2126950443405868
-0.019813966565968153,0.2057576978203097
-0.07871293307459888,0.18064769479825135
-0.019813966565967074,-0.20575769782030923
-0.07871293307459892,-0.1806476947982513
-0.12616790112081497,0.14019037466588657
-0.126167901120815,-0.14019037466588619
0.2745622426141815,5.921654536648562e-17
-0.15869971092548063,0.0885275146557166
-0.15869971092548008,-0.08852751465571655
-0.17484082962046602,-0.030247341422386137
-0.17484082962046563,0.03024734142238604
0.17787138101574995,8.326672684688674e-17
0.16199617050818405,0.0544848208934175
0.16199617050818516,-0.054484820893417885
0.12876518103901474,0.0944814608179861
0.12876518103901563,-0.09448146081798665
0.08794386023180993,0.12087580801266612
0.08794386023181024,-0.12087580801266583
0.04387687928508245,0.1335978349729051
0.04387687928508228,-0.13359783497290537
0.0002914599122039524,0.1329609583988624
0.00029145991220415226,-0.13296095839886188
-0.039524522121328516,0.12005430792626913
-0.039524522121328155,-0.12005430792626891
-0.07262198952984826,0.09631883569560729
-0.07262198952984836,-0.0963188356956069
-0.09577233226520464,0.06358967306766886
-0.0957723322652051,-0.06358967306766869
-0.10560249606592205,0.022633819907643616
-0.10560249606592192,-0.02263381990764368
-0.10513824645445426,8.85630220076252e-17
-0.10568391714725085,1.752971584369664e-16
-0.09946688045057686,0.03163669644241957
-0.0963285348456048,0.03241091178927585
-0.09946688045057563,-0.031636696442419475
-0.0963285348456045,-0.03241091178927609
-0.07819222861784106,0.059973479299324506
-0.0781922286178411,-0.05997347929932532
-0.07433909689178884,0.06120628711039848
-0.07433909689178833,-0.06120628711039871
-0.048441743269861996,0.08162988428042056
-0.04844174326986213,-0.08162988428042024
-0.043885034242965026,0.08005829509958
-0.043885034242965255,-0.08005829509958076
-0.01334299028389872,0.09103368130800935
-0.013342990283898857,-0.09103368130800965
-0.009688032369102414,0.0859028621675701
-0.00968803236910248,-0.0859028621675701
0.022095717871762986,0.08683632248122122
0.02209571787176299,-0.08683632248122115
0.05308382373580385,0.07048849538465629
0.09072516350464495,0.014908207047870624
0.09072516350464493,-0.014908207047870946
0.05308382373580323,-0.07048849538465635
0.07659199788088486,0.04501035579833193
0.022872170475304664,0.07838531205508274
0.07659199788088529,-0.045010355798331535
0.022872170475304356,-0.07838531205508269
0.04881751021910368,0.05947436142586364
0.04881751021910414,-0.05947436142586382
0.06456347724849273,0.03270286517554078
0.06456347724849312,-0.0327028651755408
0.06666195622187158,-0.001364779762370141
0.06666195622187175,0.0013647797623701353
0.057284012993672084,0.023689245889073923
0.05728401299367205,-0.023689245889073705
0.040323896728706614,0.04388977523339047
0.04032389672870663,-0.043889775233390674
0.01714966621833055,0.05465285942844703
0.017149666218330785,-0.05465285942844731
-0.007773027035424601,-0.05433205050320473
0.017154461202412017,-0.05156446134975631
-0.007773027035424159,0.05433205050320482
0.03775850751193727,-0.04053146559321699
-0.006094226940300579,-0.052551770635146246
0.01715446120241178,0.051564461349756854
-0.006094226940300349,0.05255177063514617
0.03775850751193712,0.04053146559321661
-0.02966890212646722,0.04341089003045836
-0.029668902126467032,-0.04341089003045886
0.05145786878097868,-0.022026185156489114
0.05145786878097865,0.022026185156489176
-0.026977643730644034,-0.04328974564610251
-0.02697764373064432,0.04328974564610249
0.05612134907217964,-1.1106964036499139e-16
-0.044478477321679276,0.024090026205950795
-0.044478477321679546,-0.02409002620595042
-0.04968917747994465,2.0378916289736805e-19
-0.04061328669643491,0.025918211043894582
-0.04061328669643446,-0.025918211043894503
-0.04521879659682153,0.00972146135762111
-0.04521879659682218,-0.009721461357620595
-0.04218293990394732,0.009479661057543998
-0.04218293990394678,-0.009479661057544445
-0.03329654617927556,0.02759577469875266
-0.04131667246308504,2.132379061752251e-16
-0.033399066687562345,0.025654274103465536
-0.03329654617927572,-0.027595774698752004
-0.03339906668756305,-0.02565427410346587
-0.01574252200262977,-0.03927469969431503
-0.017142266369959365,-0.03698359763574944
-0.015742522002629714,0.03927469969431513
-0.01714226636995982,0.036983597635749224
0.004719176559818733,-0.041251333315550025
0.0026335030716568607,-0.03983928020217099
0.004719176559818391,0.04125133331555052
0.0026335030716567536,0.03983928020217087
0.02331682269736148,-0.033669371081053216
0.02165294416159589,-0.033128962692472334
0.023316822697361596,0.033669371081052904
0.021652944161595765,0.033128962692472314
0.03639555511308922,-0.018656775167465417
0.042687847777195344,-6.271012090534866e-16
0.03639555511308971,0.018656775167464956
0.03528270273142799,-0.018194352284719013
0.03528270273142802,0.018194352284719228
0.03996694912777805,1.4312902604593955e-17
0.02607825682620557,0.023110428071168018
0.03627734652673895,0.00793745287688203
0.02607825682620696,-0.023110428071168067
0.036277346526738606,-0.007937452876880875
0.010155564181216504,0.031681457479871784
0.010155564181215802,-0.031681457479872666
-0.03340639406923081,-6.179473273744368e-17
-0.007420924477492964,0.031111259352380884
-0.007420924477493461,-0.031111259352380415
-0.02849460596319615,-0.00832497189072422
-0.02155609108805123,-0.021696595860165275
0.027694628757256343,0.007438712374393765
0.02769462875725582,-0.007438712374393814
-0.021556091088051507,0.021696595860165743
-0.028494605963196272,0.008324971890724368
-0.027593229165356625,-0.0034124515049471734
0.019731493737809365,-0.019707999036045965
0.01973149373780918,0.01970799903604604
-0.027593229165357367,0.003412451504947321
-0.01951442260068023,-0.01934091440441798
-0.019514422600679853,0.019340914404418152
-0.024231461788553663,-0.007726003480486521
-0.02133739214503536,-0.012433952579409494
-0.024231461788554103,0.007726003480485435
-0.0213373921450355,0.012433952579409248
-0.015116856040260218,0.019626892901448364
-0.006236231493649081,-0.026387783028559316
-0.006236231493649366,0.026387783028559358
-0.015116856040259264,-0.019626892901448194
0.007861799840440949,0.02573806895866115
-0.010575174169901566,-0.02218720159683951
-0.010575174169901601,0.022187201596839727
0.023031833443314657,-2.6056967122600623e-16
0.007861799840440987,-0.025738068958661185
0.01834670005934425,0.013831844973098289
0.01834670005934433,-0.013831844973098056
0.012902092616909132,0.01786375164031968
0.0037771289895569037,0.0228931891184416
0.0037771289895570806,-0.022893189118441393
0.012902092616908936,-0.01786375164031957
-0.0015696409627521141,0.023441605786443286
0.01061519631594019,0.018931396057118546
-0.0015696409627520961,-0.0234416057864428
0.019679054115239066,-0.007204582188994409
0.002325274799055844,0.02150379796227708
0.002325274799055761,-0.021503797962277086
0.01061519631593991,-0.018931396057118553
-0.018560961857141095,0.006989997403053326
-0.018560961857140942,-0.006989997403053136
0.019679054115238924,0.007204582188994099
-0.010715191414797764,-0.01674191994576971
-0.010715191414797718,0.01674191994576966
0.018630266511352803,0.004922748086010792
0.01863026651135275,-0.00492274808601072
0.016977390539200606,-0.008721582645064504
0.016977390539200676,0.008721582645064424
-0.017613260188887026,-0.003253494239900432
-0.01761326018888729,0.0032534942399002013
0.011848480986853442,-0.013904898821183368
-0.016067249015523317,-9.462317401394328e-16
0.001979614517204364,0.01771450029433627
-0.013428575305022691,-0.008842426287757181
0.0019796145172041577,-0.01771450029433636
-0.011741837393474609,-0.011222329883127847
-0.007034859168288617,-0.015311574860052333
-0.013428575305022651,0.008842426287758921
0.011848480986853286,0.013904898821183367
-0.007034859168289044,0.015311574860051549
-0.011741837393474126,0.011222329883128112
-0.014198467745563251,-0.004491572121021643
-0.014198467745564682,0.004491572121020655
-0.008877644619337741,-0.011486756351090099
-0.008877644619339447,0.011486756351089797
-0.0027805456117900146,0.01511926827083465
-0.0027805456117883046,-0.015119268270837214
0.01659179563835196,2.0718078320286383e-16
0.006895783756965508,0.013142476591807591
-0.0007359304177186766,0.013975434949739678
0.0068957837569672215,-0.013142476591802175
0.013691780028377162,0.005537497653160555
0.013691780028373889,-0.005537497653160835
-0.0007359304177212242,-0.013975434949733896
0.00718724526731212,0.011479207082440832
0.007187245267309417,-0.011479207082451549
0.01228457153576261,0.004569499368312275
0.012284571535770167,-0.004569499368308985
0.012394690729020795,-3.0821625743774107e-16
0.007935314312490541,0.007780494622295422
-0.002623843483739483,0.0102324497028592
-0.009354013052864001,0.00427213446314185
-0.0026238434837402304,-0.01023244970285926
0.007935314312490685,-0.007780494622295126
0.005693452925338505,0.009098914622575421
0.005693452925338861,-0.009098914622574245
0.010368736728878437,0.0032066520855405112
0.01036873672887798,-0.0032066520855412724
-0.00010323022341077862,-0.00975989938863844
-0.009354013052864318,-0.004272134463142147
0.0023005332564481847,-0.0088929464985214
-0.00010323022341077382,0.009759899388638416
-0.0067614425015348565,-0.0065667973957512
0.003283451715681653,-0.00807644779549663
-0.009325587696628628,-4.984573894567911e-18
0.008121663758105989,-0.003484484684072342
0.006775089962717508,-0.005429048616521376
-0.006761442501534782,0.006566797395751189
-0.0036775880091250795,-0.008043248161033991
0.0023005332564481687,0.00889294649852142
-0.0029270036791101185,-0.00817958076607462
0.00812166375810598,0.003484484684072303
-0.0036775880091251072,0.008043248161033975
0.0032834517156816382,0.008076447795496657
0.006775089962717562,0.005429048616521415
0.00846071095989594,1.5196310906723508e-17
-0.0029270036791100985,0.008179580766074609
-0.007685352007812779,-0.0032672746597571184
-0.006928751656774308,-0.004632387911727262
-0.007685352007812748,0.0032672746597571397
-0.006928751656774332,0.004632387911727278
-0.0074331786196289535,0.00018498876948305401
-0.007433178619628956,-0.0001849887694830304
0.004267909873422467,-0.0049158867926849025
0.004267909873422483,0.004915886792684428
-1.2176946023678455e-05,-0.006496278969674743
-0.004697482923551381,-0.004832182501057154
0.004821264296269078,-0.00398567474693644
0.006154147721790683,-0.00109813342735576
0.006154147721790621,0.0010981334273562054
-0.004697482923551243,0.004832182501057098
0.00482126429626881,0.003985674746936576
0.00041711427588347986,-0.0062042604153720775
-1.2176946024011349e-05,0.006496278969675262
0.005938716009446658,-4.975937055417932e-18
0.0004171142758840057,0.0062042604153717245
-0.003920419037469365,-0.004300273542666863
-0.003920419037469529,0.004300273542666778
0.004168631699362622,-0.002841427548386147
-0.005669471462574555,-8.409891952587452e-17
0.004168631699361981,0.0028414275483859045
0.00124855702210647,-0.004447557269316533
0.0002250092724649495,-0.004631574796763936
-0.0025511916421006708,-0.003932590346760881
-0.0035524779812258003,-0.002883751498711155
-0.0025511916421010273,0.003932590346760659
0.004132518209935335,-0.0019735829748125278
-0.003552477981225358,0.0028837514987114514
0.0012485570221063605,0.004447557269316941
0.004132518209935587,0.001973582974812697
0.00022500927246510018,0.004631574796763287
-0.004628266303845972,-0.0006356980844061707
-0.004628266303845622,0.0006356980844062925
0.0001688175870592926,0.003623221028094253
-0.0036735669456638576,-0.0008315758602374702
-0.0036735669456638893,0.0008315758602374592
0.003520772775415532,-2.496015282755721e-17
-0.0026253384965572975,0.002415745232413675
-0.00262533849655732,-0.0024157452324136816
0.00016881758705935833,-0.00362322102809425
0.002174201654010251,0.002720058770485365
0.0021742016540102424,-0.0027200587704853414
-0.0009144698443871697,0.0032219970894986467
-0.0009144698443871822,-0.003221997089498622
0.0027515532024765346,0.001911350062989136
0.0027515532024765393,-0.0019113500629891354
-0.0031966115071107143,-6.618356958717467e-20
-0.0024642025674844743,0.0019819716809020707
-0.0024642025674844917,-0.0019819716809020864
0.0028757352479353896,2.414433602051721e-18
-0.0015035890771956295,0.002415719497683229
-0.0015035890771956377,-0.0024157194976832186
0.0021499884088712223,0.0016212168309015134
0.002149988408871216,-0.0016212168309015194
-0.0025663111841177934,-0.0010726724817051844
-0.002566311184117778,0.0010726724817051807
-1.8181617998591826e-06,0.0027785440245084894
-1.8181617998768841e-06,-0.0027785440245085033
0.0007100905420567174,0.0026111299007324186
0.0007100905420567255,-0.002611129900732415
0.002386234184163083,0.0010828752832487158
0.00238623418416306,-0.0010828752832487145
-0.0020248522421673115,1.2857178766812902e-17
-0.0009735996979123524,0.0017840770318930084
-0.0009735996979123699,-0.001784077031893021
0.0014748024625294012,0.001414652853095245
0.0010619067234489445,0.0016917742703751867
0.001989784537439625,4.399277123146941e-18
0.001474802462529415,-0.0014146528530952396
0.0010619067234489256,-0.0016917742703751743
0.0015225173400113894,0.0009559443001329301
-0.00033349145664645827,0.0018181047429408025
-0.000333491456646458,-0.0018181047429408157
0.0015225173400114005,-0.000955944300132928
-0.001557347669432487,-0.0007689463774311309
-0.0014873829524142416,-0.0009018452894589702
-0.0015573476694324792,0.000768946377431131
-0.001487382952414236,0.0009018452894589637
-1.1320357915022732e-05,-0.0017396384773981789
-1.1320357915011707e-05,0.0017396384773981878
-0.001274719470454932,0.0009247609123222713
0.0015646934337835638,-0.0006069443989096133
0.0015646934337835577,0.000606944398909609
0.00019781134243429391,-0.0016408410483339058
-0.001274719470454916,-0.0009247609123222534
0.0001978113424343,0.0016408410483338871
-0.0012249023256829627,-0.0004212711861325919
-0.0012249023256829677,0.0004212711861325866
-0.0012550593484372417,-1.1948945082257316e-17
-0.0005259740352815792,-0.001101461624880741
0.0008810809535955803,-0.0008361623392487746
0.0013020489416788279,-3.0850452568454152e-19
-0.00027793132885201716,-0.0012190433704191645
-0.000525974035281595,0.0011014616248807556
-0.0002779313288520158,0.001219043370419147
0.0008810809535955841,0.0008361623392487769
0.0006380980331902508,-0.0008916662017161912
0.0006380980331902552,0.0008916662017161887
0.0010455292194658564,-1.9150174093852898e-18
-0.000369983975479335,0.0007825778462240625
-0.0009165184349852549,-2.5115392183699073e-18
-0.00036998397547932877,-0.0007825778462240634
-0.0008386156655811964,2.6520015453882416e-21
0.0005247617585658373,0.0006341564205076454
-0.00032599203876343527,0.0007403419708431309
0.0005247617585658344,-0.0006341564205076443
-0.0003259920387634322,-0.000740341970843126
0.0005713342277318305,-0.0004715815906224091
0.0005713342277318286,0.0004715815906224085
0.00044888012334456473,-0.000496756609355031
0.0004488801233445638,0.0004967566093550324
0.0005866295462566021,-0.0002709222678407707
0.0005866295462566034,0.0002709222678407696
-0.0004657203858717399,0.0003992708757089179
-0.00046572038587173987,-0.0003992708757089166
-0.0002429961604247754,0.0005345396141714361
-0.00024299616042477493,-0.000534539614171437
0.000565135159718034,-0.00010411810377304049
0.0005651351597180339,0.00010411810377304099
-3.7648337912154824e-05,0.0005584966481198551
-3.764833791215476e-05,-0.0005584966481198558
0.000249825881968957,-0.0004627165996377086
-0.0005257237484236678,7.422630779506548e-05
-0.0005257237484236675,-7.422630779506642e-05
0.00024982588196895665,0.00046271659963770966
8.711098332051923e-05,0.00047625878483972367
8.711098332051767e-05,-0.00047625878483972643
0.00036200135747543877,-0.0002674057478951427
-0.00047594641138650444,1.6335820087252415e-18
-0.00015444998267772483,0.00042057984645389653
0.0003620013574754372,0.0002674057478951418
-0.00015444998267772855,-0.0004205798464538978
-0.0003746331816407719,0.00022818428538979682
-0.0003746331816407738,-0.0002281842853897948
0.0004041584607101528,-3.35025114234422e-19
-0.0001548018127231555,0.0003465346155950975
-0.00015480181272315536,-0.0003465346155950981
-0.00037500436076949334,-1.6080823955292043e-19
0.00029897273032878605,0.0002104519373477751
0.0002989727303287851,-0.00021045193734777474
-3.794748706248733e-05,-0.00024422435569740385
-3.794748706248702e-05,0.000244224355697404
0.00024133741802465325,4.126711911572068e-05
0.000241337418024652,-4.126711911571847e-05
0.0001676478206496508,0.00017360522980825255
-0.00014158112517429782,0.00018560844534608675
0.00016764782064965093,-0.0001736052298082517
-0.00014158112517429774,-0.00018560844534608575
3.5241444367077894e-05,0.00022123302946247848
3.5241444367077914e-05,-0.00022123302946247897
-0.0002179533571204728,3.263436130436253e-19
-0.00019668418399493694,7.317163482788031e-05
-0.0001966841839949367,-7.317163482788015e-05
-0.00017428237864808787,1.099707868289426e-21
-5.991918633233922e-06,0.00015908502256624762
0.00016372994723162763,3.1413373677418804e-19
-5.991918633234789e-06,-0.000159085022566248
-0.00010308890115730893,-0.00010684546557938415
-0.00010308890115730858,0.00010684546557938358
3.3903700977736154e-05,0.0001351708980339354
3.3903700977735896e-05,-0.00013517089803393554
-0.0001363540093831528,1.4292154643852595e-19
0.00012725093460772466,1.2390774420295225e-05
0.00012725093460772504,-1.2390774420295265e-05
9.326959811784778e-05,-9.120079996996311e-05
9.326959811784673e-05,9.120079996996376e-05
8.787934405307237e-05,-7.711304111904829e-05
-8.959581679365615e-05,7.635655032086602e-05
8.787934405307084e-05,7.711304111904826e-05
-8.959581679365972e-05,-7.635655032086724e-05
-5.872679561285847e-05,9.279196492965476e-05
-0.00010042661137521429,4.994824968421936e-05
-5.872679561285684e-05,-9.279196492965597e-05
-0.00010042661137521298,-4.9948249684218474e-05
3.1790625099907375e-05,0.00010432503115294703
3.179062509990712e-05,-0.00010432503115294741
4.950324787062697e-05,7.910913075644864e-05
4.950324787062705e-05,-7.910913075644844e-05
8.075080974844222e-05,-2.0744755865467994e-20
5.062733882760502e-05,5.6144832154504094e-05
5.0627338827605115e-05,-5.614483215450401e-05
-5.1549143776361e-05,5.0534804546158734e-05
-5.1549143776361114e-05,-5.0534804546158645e-05
9.839823266713492e-06,6.476872187340101e-05
9.839823266713509e-06,-6.476872187340109e-05
-5.878100892467384e-05,2.0343065746440558e-20
3.684295118878648e-05,4.2765013756583005e-06
3.684295118878636e-05,-4.276501375658354e-06
-1.2721046056577488e-05,2.8328089289961825e-05
-1.272104605657736e-05,-2.8328089289961855e-05
6.419764578689377e-07,2.7778916373087076e-05
7.3856852784822205e-06,2.6577396272826283e-05
6.419764578688984e-07,-2.7778916373087188e-05
7.385685278482124e-06,-2.657739627282627e-05
-2.635712145693792e-05,3.7493641485404375e-06
-2.6357121456937978e-05,-3.7493641485403816e-06
-2.3061456864047714e-05,-1.7820683480920176e-20
1.698292311252925e-05,6.878612635445067e-06
1.698292311252921e-05,-6.878612635444978e-06
-6.311085895595511e-06,-1.6140823278119063e-05
-6.311085895595382e-06,1.6140823278118995e-05
1.6788575585610745e-05,-1.7511891572790495e-20
3.3847118593144808e-06,1.5823397868949396e-05
-9.901990515732577e-06,1.3091141540345385e-05
-9.901990515732507e-06,-1.3091141540345422e-05
3.3847118593144448e-06,-1.5823397868949298e-05
6.960139675891211e-06,1.2037602190226712e-05
-1.4214092628802886e-05,-2.6213595105433226e-20
6.960139675891165e-06,-1.2037602190226743e-05
1.1953361735064023e-05,3.335388206738804e-21
-5.538670165321423e-06,9.828006326814284e-06
-5.538670165321436e-06,-9.828006326814335e-06
9.454765958590546e-06,6.919473712933737e-21
-8.952071533648415e-06,-1.167978738395804e-20
2.531118235931658e-06,7.609566419187349e-06
2.5311182359317277e-06,-7.609566419187301e-06
5.417793285214286e-06,4.123223382187616e-06
8.604461796105721e-07,6.765937107668257e-06
8.604461796106124e-07,-6.765937107668249e-06
5.417793285214278e-06,-4.123223382187627e-06
-6.593792371334632e-06,-5.159302137414728e-21
-5.375713523347824e-06,2.0765138898557356e-06
-5.375713523347854e-06,-2.0765138898557407e-06
-3.015407271284957e-06,4.68274540304268e-06
-3.0154072712849226e-06,-4.682745403042656e-06
4.678672062048765e-06,2.4700337309047236e-21
1.6479739184086366e-06,3.0440285850717444e-06
-1.1958544619516616e-06,3.4370959537441855e-06
-1.533526943300513e-06,3.2802877038888545e-06
1.6479739184086144e-06,-3.04402858507176e-06
-1.195854461951668e-06,-3.4370959537441707e-06
-1.5335269433005197e-06,-3.2802877038888727e-06
-3.3952585128176246e-06,1.3236301871764528e-20
3.506882096220243e-06,-1.1035643326325764e-07
3.506882096220323e-06,1.1035643326326079e-07
-2.0954162150691987e-06,2.524678037448883e-06
-2.0954162150691877e-06,-2.5246780374488686e-06
2.6717512658887825e-06,1.4799549914584669e-06
2.6717512658887723e-06,-1.4799549914584683e-06
-4.911776703597006e-07,-1.8016001514216617e-06
-4.911776703597036e-07,1.8016001514216622e-06
5.49127576855396e-07,-1.036676400336296e-06
5.49127576855396e-07,1.0366764003362961e-06
-1.1606454375480955e-06,5.239922465794215e-24
-3.0458997243223144e-07,5.782263485335841e-07
-3.0458997243223144e-07,-5.782263485335843e-07
2.8093419288588357e-08,4.366344592551599e-07
2.809341928858879e-08,-4.366344592551609e-07
3.901518129759206e-07,5.950154193196434e-08
3.901518129759206e-07,-5.950154193196402e-08
1.32576826334456e-09,-3.3141623636063067e-07
1.6224427556936398e-07,-2.7911597200767055e-07
1.325768263345073e-09,3.314162363606303e-07
1.6224427556936398e-07,2.7911597200767055e-07
-2.6516202158799185e-07,-7.862615645728583e-23
-2.2780152351180445e-07,-3.606202663565036e-23
1.865823702216595e-07,-1.6294456988175032e-23
-1.0583935161697907e-09,1.7461974775629327e-07
-1.0583935161698734e-09,-1.7461974775629319e-07
1.5556390547300136e-07,-4.34074538534163e-23
-1.2924512866541845e-07,5.6731036967139643e-08
-1.2924512866541831e-07,-5.673103696713966e-08
7.159848181369126e-09,-1.192304374500309e-07
7.159848181369146e-09,1.192304374500308e-07
-1.1958616759116935e-07,7.780171791985715e-25
7.955049487786868e-08,1.3232280710882246e-23
-3.0567198377638676e-08,-6.187880273673236e-08
-3.056719837763861e-08,6.187880273673236e-08
1.8672201960165035e-08,-4.999403189387325e-08
1.8672201960164925e-08,4.9994031893873205e-08
-3.416624465472939e-08,2.732072742546368e-08
-2.5130291281345978e-08,3.584783471962587e-08
-3.4166244654729265e-08,-2.732072742546358e-08
-2.513029128134558e-08,-3.58478347196257e-08
4.134584193103072e-08,1.7964542123781506e-08
4.134584193103066e-08,-1.7964542123781602e-08
3.005905193423295e-08,2.450794326810095e-08
3.005905193423286e-08,-2.4507943268101007e-08
2.90886814090815e-09,-3.725759634909475e-08
2.908868140908073e-09,3.725759634909477e-08
-5.775782603389377e-09,-2.644235348585914e-08
-5.775782603388944e-09,2.6442353485859183e-08
-3.562609081441658e-09,-2.1688422155598785e-08
-3.5626090814419326e-09,2.1688422155598593e-08
1.94406692316358e-08,-3.027626213192706e-23
-1.8218175589750297e-08,5.1798187972276713e-23
2.7832761616975464e-09,1.3424970904001931e-08
-3.967001321569376e-09,1.2697627078841019e-08
2.7832761616977346e-09,-1.3424970904001954e-08
-3.967001321569478e-09,-1.2697627078840769e-08
1.738552296194463e-09,-7.0264012766098974e-09
1.7385522961945989e-09,7.0264012766099016e-09
3.0367106210849895e-09,7.034628538041321e-23
-1.8171376556812436e-09,-2.2564767589446537e-09
-1.8171376556805324e-09,2.2564767589452613e-09
-1.886320400945764e-09,-6.964494485982171e-22
-1.394848156618729e-09,1.1254460708987135e-22
-7.875627160859549e-11,-7.858124019789898e-10
-7.875627160859371e-11,7.858124019789514e-10
6.376604756831201e-12,1.8917341682537476e-10
6.376604756859833e-12,-1.891734168254274e-10
1.7876686528579637e-10,-4.932561383820612e-24
1.935540544285818e-11,1.8953563082941056e-11
1.935540544284964e-11,-1.89535630829319e-11
2.7950754339619208e-12,2.0867768991667664e-11
2.795075433963485e-12,-2.0867768991663967e-11
-8.390092508487873e-12,-6.963117030792351e-25
-1.0430526008195566e-12,3.3852654161900244e-12
-1.0430526008194763e-12,-3.3852654161911513e-12
1.3553235656047618e-12,7.724525983924148e-26
-1.9936946360910744e-13,9.819158599123417e-13
-1.9936946361016686e-13,-9.81915859912888e-13
-6.18463145907729e-13,6.390788582639231e-25
5.394270005419948e-13,9.818448973983201e-28
-4.3497892084277817e-13,1.082203270997165e-25
1.48600402758438e-13,2.824805592448595e-13
1.4860040275816375e-13,-2.8248055924497906e-13
1.7115676812543946e-13,-1.124303099671123e-26
-4.084021077021536e-14,1.6480031381917934e-13
-4.084021076983367e-14,-1.6480031381941946e-13
-1.9712125025556073e-13,-3.3685473732853124e-26
-1.8888759810559933e-13,-2.7161110579325537e-25
-1.3465109186370202e-13,6.476678025471338e-25
4.2957957637641845e-14,7.062113851578e-14
4.295795763765732e-14,-7.062113851563786e-14
-2.036188471033376e-15,7.034640321644394e-14
-2.0361884708476984e-15,-7.034640321631811e-14
-4.0034804715297506e-14,-1.695680603865888e-14
-4.003480471529332e-14,1.6956806037890212e-14
-4.4055972632133924e-14,3.794404289065282e-25
2.963529912303408e-14,-1.569711094982527e-14
2.963529912322885e-14,1.569711095002766e-14
3.8125910543774364e-14,-1.2526791351757223e-26
3.457678522422445e-14,1.7839124876832412e-25
-9.676688481038516e-15,1.0625084721117391e-14
-9.676688481242777e-15,-1.0625084720262518e-14
6.7610012805086904e-15,9.980280278323209e-15
-1.088949587516205e-14,7.74005374690293e-26
6.761001280077949e-15,-9.980280278081191e-15
-7.922672926837568e-15,1.4865896319998145e-25
2.87850352605557e-15,5.953596096130786e-15
-2.087152478689625e-15,2.1464090871425786e-25
2.8785035254731358e-15,-5.953596095038422e-15
1.1368731240680887e-15,6.148809136921248e-15
-7.71951222877239e-16,4.458527124628231e-15
3.05376457259975e-15,-3.5657485901476635e-25
3.968422633460083e-15,1.4953873411650652e-15
3.968422634225894e-15,-1.4953873443782572e-15
1.1368731252613651e-15,-6.1488091371851305e-15
-7.719512226081315e-16,-4.458527123919191e-15
