target_rank,map_label,target_mode,N,M,map_name,name,family,power,multiplicity,target,target_float,target_real_float,target_imag_float,target_abs_float,error,error_float,selected,gram_error,gram_error_float
1,blaschke_mu_0p3,exact,100,100,blaschke_mu_0p3,alpha^1,alpha,1,1,0.65,0.65,0.65,0.0,0.65,3.99818525447466615460697696125027485018344413223924915664866509307076333543360716876759392e-67,3.998185254474666e-67,['0.650000000000000000000000000000000000000000000000000000000000000000399818525447466615460698'],4.44820095539165646459041712619704765666534375380351464978650878539080829922524278248266012e-177,4.4482009553916565e-177
2,blaschke_mu_0p3,exact,100,100,blaschke_mu_0p3,alpha^2,alpha,2,1,0.4225,0.4225,0.4225,0.0,0.4225,6.01587337608710715440178983346915161213312561973410557061760484336610104361373006674141569e-63,6.015873376087107e-63,['0.422500000000000000000000000000000000000000000000000000000000006015873376087107154401789833'],4.44820095539165646459041712619704765666534375380351464978650878539080829922524278248266012e-177,4.4482009553916565e-177
3,blaschke_mu_0p3,exact,100,100,blaschke_mu_0p3,mu^1,mu,1,2,0.3,0.3,0.3,0.0,0.3,9.71563378538771060239914644668057264852932639084115360684968791288752393189160961231642769e-133,9.71563378538771e-133,"['0.3', '0.3']",4.44820095539165646459041712619704765666534375380351464978650878539080829922524278248266012e-177,4.4482009553916565e-177
4,blaschke_mu_0p3,exact,100,100,blaschke_mu_0p3,alpha^3,alpha,3,1,0.274625,0.274625,0.274625,0.0,0.274625,3.52530834766250476791307418443306132338730859726560165704354261311238037023523162330246814e-60,3.5253083476625047e-60,['0.274625000000000000000000000000000000000000000000000000000003525308347662504767913074184433'],4.44820095539165646459041712619704765666534375380351464978650878539080829922524278248266012e-177,4.4482009553916565e-177
5,blaschke_mu_0p3,exact,100,100,blaschke_mu_0p3,alpha^4,alpha,4,1,0.17850625,0.17850625,0.17850625,0.0,0.17850625,2.63022140918574665896453124125174209227195039320736034962273539716099795417670210537813476e-57,2.6302214091857465e-57,['0.178506250000000000000000000000000000000000000000000000002630221409185746658964531241251742'],4.44820095539165646459041712619704765666534375380351464978650878539080829922524278248266012e-177,4.4482009553916565e-177
6,blaschke_mu_0p3,exact,100,100,blaschke_mu_0p3,alpha^5,alpha,5,1,0.1160290625,0.1160290625,0.1160290625,0.0,0.1160290625,4.67917510164334253547287442522836175249839602272161142311836465875882800477842300679425661e-55,4.6791751016433426e-55,['0.116029062500000000000000000000000000000000000000000000467917510164334253547287442522836175'],4.44820095539165646459041712619704765666534375380351464978650878539080829922524278248266012e-177,4.4482009553916565e-177
7,blaschke_mu_0p3,exact,100,100,blaschke_mu_0p3,mu^2,mu,2,2,0.09,0.09,0.09,0.0,0.09,7.44386186073379133385101807621678016579634804554702965835807791742087662068397041254771667e-97,7.443861860733791e-97,"['0.09', '0.09']",4.44820095539165646459041712619704765666534375380351464978650878539080829922524278248266012e-177,4.4482009553916565e-177
8,blaschke_mu_0p3,exact,100,100,blaschke_mu_0p3,alpha^6,alpha,6,1,0.075418890625,0.075418890625,0.075418890625,0.0,0.075418890625,6.10120117637835110942507177543269980387107551707893439214337348559337093577844440244071615e-53,6.1012011763783515e-53,['0.0754188906249999999999999999999999999999999999999999389879882362164889057492822456730019613'],4.44820095539165646459041712619704765666534375380351464978650878539080829922524278248266012e-177,4.4482009553916565e-177
9,blaschke_mu_0p3,exact,100,100,blaschke_mu_0p3,alpha^7,alpha,7,1,0.04902227890625,0.04902227890625,0.04902227890625,0.0,0.04902227890625,2.27545137491298505434457810871049424342459141062220022612028935048009688537128744663732663e-52,2.275451374912985e-52,['0.0490222789062499999999999999999999999999999999999997724548625087014945655421891289505756575'],4.44820095539165646459041712619704765666534375380351464978650878539080829922524278248266012e-177,4.4482009553916565e-177
10,blaschke_mu_0p3,exact,100,100,blaschke_mu_0p3,alpha^8,alpha,8,1,0.0318644812890625,0.0318644812890625,0.0318644812890625,0.0,0.0318644812890625,4.47168684215993232823906914648149703593106225675654184939234054150252343431023089462351479e-48,4.471686842159932e-48,['0.0318644812890624999999999999999999999999999999955283131578400676717609308535185029640689377'],4.44820095539165646459041712619704765666534375380351464978650878539080829922524278248266012e-177,4.4482009553916565e-177
11,blaschke_mu_0p3,exact,100,100,blaschke_mu_0p3,mu^3,mu,3,2,0.027,0.027,0.027,0.0,0.027,4.5698117923230422241064387625788553336752431978843693692003005350799342802296666629057788e-75,4.569811792323042e-75,"['0.0269999999999999999999999999999999999999999999999999999999999999999999999997012361384423243', '0.0270000000000000000000000000000000000000000000000000000000000000000000000045698117923230422']",4.44820095539165646459041712619704765666534375380351464978650878539080829922524278248266012e-177,4.4482009553916565e-177
12,blaschke_mu_0p3,exact,100,100,blaschke_mu_0p3,alpha^9,alpha,9,1,0.020711912837890625,0.020711912837890624,0.020711912837890624,0.0,0.020711912837890624,1.38831060567213871231657746831263009071622161354762962904233833862751498013822395928504919e-46,1.3883106056721388e-46,['0.0207119128378906249999999999999999999999999998611689394327861287683422531687369909283778386'],4.44820095539165646459041712619704765666534375380351464978650878539080829922524278248266012e-177,4.4482009553916565e-177
13,blaschke_mu_0p3,exact,100,100,blaschke_mu_0p3,alpha^10,alpha,10,1,0.01346274334462890625,0.013462743344628906,0.013462743344628906,0.0,0.013462743344628906,3.08105201443218478274107472731414972298253350710986498461890163222304185656860202557925158e-44,3.081052014432185e-44,['0.0134627433446289062499999999999999999999999691894798556781521725892527268585027701746649289'],4.44820095539165646459041712619704765666534375380351464978650878539080829922524278248266012e-177,4.4482009553916565e-177
14,blaschke_mu_0p3,exact,100,100,blaschke_mu_0p3,alpha^11,alpha,11,1,0.0087507831740087890625,0.00875078317400879,0.00875078317400879,0.0,0.00875078317400879,7.17438159967367953180250525587101090916951343849648952397324040269154692462998920536544158e-43,7.1743815996736796e-43,['0.00875078317400878906249999999999999999999928256184003263204681974947441289890908304865615035'],4.44820095539165646459041712619704765666534375380351464978650878539080829922524278248266012e-177,4.4482009553916565e-177
15,blaschke_mu_0p3,exact,100,100,blaschke_mu_0p3,mu^4,mu,4,2,0.0081,0.0081,0.0081,0.0,0.0081,1.49733513919735622913519219032122008600567356231087285520154804260128414544182081277111459e-59,1.4973351391973563e-59,"['0.00810000000000000000000000000000000000000000000000000000000661985655018530142051625629000558', '0.0081000000000000000000000000000000000000000000000000000000149733513919735622913519219032122']",4.44820095539165646459041712619704765666534375380351464978650878539080829922524278248266012e-177,4.4482009553916565e-177
16,blaschke_mu_0p3,exact,100,100,blaschke_mu_0p3,alpha^12,alpha,12,1,0.005688009063105712890625,0.005688009063105713,0.005688009063105713,0.0,0.005688009063105713,4.89799780655571536992478646342012886820630394920025768718682807372545861567433026980119701e-41,4.897997806555716e-41,['0.00568800906310571289062499999999999999995102002193444284630075213536579871131793696050799742'],4.44820095539165646459041712619704765666534375380351464978650878539080829922524278248266012e-177,4.4482009553916565e-177
17,blaschke_mu_0p3,exact,100,100,blaschke_mu_0p3,alpha^13,alpha,13,1,0.00369720589101871337890625,0.0036972058910187135,0.0036972058910187135,0.0,0.0036972058910187135,9.32181203303796494976149149858093002920251359180154533970246485233622582526399321669231422e-40,9.321812033037965e-40,['0.00369720589101871337890624999999999999906781879669620350502385085014190699707974864081984547'],4.44820095539165646459041712619704765666534375380351464978650878539080829922524278248266012e-177,4.4482009553916565e-177
18,blaschke_mu_0p3,exact,100,100,blaschke_mu_0p3,mu^5,mu,5,2,0.00243,0.00243,0.00243,0.0,0.00243,6.61997064009753572279426647123857545099622018071541387593438406072720972472331149793164192e-46,6.619970640097536e-46,"['0.00243000000000000000000000000000000000000000000436223039729718717697766304670816725802484828', '0.00243000000000000000000000000000000000000000066199706400975357227942664712385754509962201807']",4.44820095539165646459041712619704765666534375380351464978650878539080829922524278248266012e-177,4.4482009553916565e-177
19,blaschke_mu_0p3,exact,100,100,blaschke_mu_0p3,alpha^14,alpha,14,1,0.0024031838291621636962890625,0.0024031838291621636,0.0024031838291621636,0.0,0.0024031838291621636,5.20974136595098954828398878436371462573300162930026417084695799544915175858617782115386858e-40,5.2097413659509895e-40,['0.00240318382916216369628906250000000000052097413659509895482839887843637146257330016293002642'],4.44820095539165646459041712619704765666534375380351464978650878539080829922524278248266012e-177,4.4482009553916565e-177
20,blaschke_mu_0p3,exact,100,100,blaschke_mu_0p3,alpha^15,alpha,15,1,0.001562069488955406402587890625,0.0015620694889554065,0.0015620694889554065,0.0,0.0015620694889554065,1.67086181543711865665175074895965188219769483968769439446099324713588699546997107202307254e-37,1.6708618154371187e-37,['0.00156206948895540640258789062499999983291381845628813433482492510403481178023051603123056055'],4.44820095539165646459041712619704765666534375380351464978650878539080829922524278248266012e-177,4.4482009553916565e-177
21,blaschke_mu_0p3,exact,100,100,blaschke_mu_0p3,alpha^16,alpha,16,1,0.00101534516782101416168212890625,0.0010153451678210142,0.0010153451678210142,0.0,0.0010153451678210142,3.77188317984946811303474940018557631513836773014681973405449359654126987221317057095979829e-35,3.771883179849468e-35,['0.00101534516782101416168212890625003771883179849468113034749400185576315138367730146819734054'],4.44820095539165646459041712619704765666534375380351464978650878539080829922524278248266012e-177,4.4482009553916565e-177
22,blaschke_mu_0p3,exact,100,100,blaschke_mu_0p3,mu^6,mu,6,2,0.000729,0.000729,0.000729,0.0,0.000729,2.61110152855133830588494519478698814978678879125157938585047638193562091639787401602972684e-37,2.6111015285513383e-37,"['0.000729000000000000000000000000000000137281024782343693662828353278327376089804995065637387433', '0.000728999999999999999999999999999999738889847144866169411505480521301185021321120874842061415']",4.44820095539165646459041712619704765666534375380351464978650878539080829922524278248266012e-177,4.4482009553916565e-177
23,blaschke_mu_0p3,exact,100,100,blaschke_mu_0p3,alpha^17,alpha,17,1,0.0006599743590836592050933837890625,0.0006599743590836592,0.0006599743590836592,0.0,0.0006599743590836592,2.8120345274642985415515736599890363779055965416210098029598254005545389224694833140587978e-34,2.8120345274642987e-34,['0.000659974359083659205093383789062781203452746429854155157365998903637790559654162100980295983'],4.44820095539165646459041712619704765666534375380351464978650878539080829922524278248266012e-177,4.4482009553916565e-177
24,blaschke_mu_0p3,exact,100,100,blaschke_mu_0p3,alpha^18,alpha,18,1,0.000428983333404378483310699462890625,0.0004289833334043785,0.0004289833334043785,0.0,0.0004289833334043785,2.28785675741636150903005912449739367195638921653437298820035083842344831748353322764684378e-32,2.2878567574163616e-32,['0.000428983333404378483310699462913503567574163615090300591244973936719563892165343729882003508'],4.44820095539165646459041712619704765666534375380351464978650878539080829922524278248266012e-177,4.4482009553916565e-177
